parameter,mean,sd,hdi_3%,hdi_97%,mcse_mean,mcse_sd,ess_bulk,ess_tail,r_hat
murC,0.505,0.007,0.492,0.518,0.0,0.0,3591.0,3253.0,1.0
mugC,1.943,0.028,1.889,1.994,0.0,0.0,7469.0,3086.0,1.0
muA,0.984,0.018,0.949,1.018,0.0,0.0,7274.0,3116.0,1.0
muSdE,0.202,0.007,0.189,0.214,0.0,0.0,4944.0,3045.0,1.0
rCSd,0.098,0.006,0.087,0.109,0.0,0.0,2115.0,2920.0,1.0
gCSd,0.478,0.021,0.441,0.519,0.0,0.0,5439.0,3048.0,1.0
aSd,0.309,0.013,0.284,0.334,0.0,0.0,6739.0,2711.0,1.0
sdESd,0.096,0.006,0.085,0.108,0.0,0.0,3464.0,2997.0,1.0
rC[0],0.401,0.074,0.272,0.55,0.001,0.001,4744.0,2512.0,1.0
rC[1],0.608,0.052,0.51,0.707,0.001,0.001,4499.0,2454.0,1.0
rC[2],0.442,0.049,0.358,0.543,0.001,0.001,4090.0,2705.0,1.0
rC[3],0.471,0.014,0.444,0.498,0.0,0.0,3022.0,2457.0,1.0
rC[4],0.576,0.057,0.466,0.68,0.001,0.001,4744.0,2524.0,1.0
rC[5],0.608,0.067,0.482,0.729,0.001,0.001,5547.0,2739.0,1.0
rC[6],0.513,0.076,0.38,0.661,0.001,0.001,5187.0,2914.0,1.0
rC[7],0.538,0.074,0.404,0.681,0.001,0.001,5568.0,2902.0,1.0
rC[8],0.524,0.063,0.409,0.644,0.001,0.001,5630.0,2529.0,1.0
rC[9],0.455,0.052,0.359,0.552,0.001,0.001,5043.0,3322.0,1.0
rC[10],0.566,0.084,0.409,0.718,0.001,0.001,4493.0,2758.0,1.0
rC[11],0.584,0.047,0.496,0.67,0.001,0.0,4602.0,2887.0,1.0
rC[12],0.442,0.053,0.339,0.538,0.001,0.001,4238.0,2611.0,1.0
rC[13],0.57,0.068,0.445,0.696,0.001,0.001,5126.0,3261.0,1.0
rC[14],0.535,0.049,0.45,0.635,0.001,0.001,4543.0,2516.0,1.0
rC[15],0.597,0.062,0.478,0.713,0.001,0.001,4472.0,2518.0,1.0
rC[16],0.622,0.019,0.588,0.658,0.0,0.0,3509.0,2232.0,1.0
rC[17],0.396,0.038,0.326,0.469,0.001,0.0,3909.0,2805.0,1.0
rC[18],0.437,0.06,0.325,0.546,0.001,0.001,4317.0,2987.0,1.0
rC[19],0.383,0.027,0.335,0.435,0.0,0.0,3332.0,2382.0,1.0
rC[20],0.525,0.053,0.423,0.621,0.001,0.001,3291.0,2126.0,1.0
rC[21],0.48,0.057,0.37,0.583,0.001,0.001,5432.0,3228.0,1.0
rC[22],0.392,0.054,0.3,0.502,0.001,0.001,4031.0,2754.0,1.0
rC[23],0.461,0.09,0.294,0.63,0.001,0.001,4216.0,2981.0,1.0
rC[24],0.502,0.056,0.402,0.613,0.001,0.001,5422.0,2994.0,1.0
rC[25],0.42,0.021,0.38,0.459,0.0,0.0,4195.0,3008.0,1.0
rC[26],0.456,0.068,0.324,0.579,0.001,0.001,4051.0,2627.0,1.0
rC[27],0.675,0.041,0.596,0.753,0.001,0.001,3115.0,2057.0,1.0
rC[28],0.556,0.041,0.483,0.636,0.001,0.0,4309.0,2884.0,1.0
rC[29],0.542,0.057,0.436,0.647,0.001,0.001,3643.0,2636.0,1.0
rC[30],0.63,0.052,0.531,0.728,0.001,0.001,4675.0,2538.0,1.0
rC[31],0.481,0.044,0.395,0.564,0.001,0.001,3885.0,2539.0,1.0
rC[32],0.412,0.049,0.321,0.5,0.001,0.001,3787.0,2726.0,1.0
rC[33],0.371,0.05,0.275,0.464,0.001,0.001,4222.0,3027.0,1.0
rC[34],0.366,0.021,0.329,0.41,0.0,0.0,3731.0,2520.0,1.0
rC[35],0.466,0.068,0.341,0.594,0.001,0.001,5016.0,2820.0,1.0
rC[36],0.47,0.05,0.383,0.569,0.001,0.0,4950.0,3050.0,1.0
rC[37],0.54,0.026,0.494,0.592,0.0,0.0,4229.0,2672.0,1.0
rC[38],0.51,0.062,0.392,0.627,0.001,0.001,4795.0,2310.0,1.0
rC[39],0.49,0.034,0.428,0.555,0.001,0.0,4381.0,2677.0,1.0
rC[40],0.551,0.065,0.432,0.674,0.001,0.001,3928.0,2700.0,1.0
rC[41],0.547,0.06,0.446,0.672,0.001,0.001,3762.0,2226.0,1.0
rC[42],0.561,0.08,0.396,0.698,0.001,0.001,4915.0,2632.0,1.0
rC[43],0.662,0.05,0.566,0.755,0.001,0.001,4746.0,2548.0,1.0
rC[44],0.444,0.036,0.379,0.512,0.001,0.0,3662.0,1992.0,1.0
rC[45],0.55,0.041,0.474,0.629,0.001,0.0,4354.0,2265.0,1.0
rC[46],0.343,0.053,0.253,0.452,0.001,0.001,3706.0,2307.0,1.0
rC[47],0.375,0.056,0.269,0.475,0.001,0.001,3259.0,2281.0,1.0
rC[48],0.486,0.055,0.386,0.591,0.001,0.001,3915.0,2773.0,1.0
rC[49],0.501,0.057,0.399,0.612,0.001,0.001,4817.0,3111.0,1.0
rC[50],0.646,0.049,0.548,0.735,0.001,0.001,4024.0,2193.0,1.0
rC[51],0.654,0.074,0.505,0.783,0.001,0.001,4456.0,2764.0,1.0
rC[52],0.57,0.06,0.464,0.688,0.001,0.001,4927.0,2459.0,1.0
rC[53],0.542,0.031,0.482,0.601,0.0,0.0,4841.0,2388.0,1.0
rC[54],0.508,0.043,0.429,0.588,0.001,0.0,4756.0,2845.0,1.0
rC[55],0.475,0.073,0.34,0.613,0.001,0.001,4820.0,2754.0,1.0
rC[56],0.519,0.061,0.418,0.641,0.001,0.001,4799.0,3343.0,1.0
rC[57],0.585,0.041,0.509,0.66,0.001,0.0,3740.0,2202.0,1.0
rC[58],0.581,0.045,0.499,0.666,0.001,0.0,5379.0,2573.0,1.0
rC[59],0.47,0.059,0.36,0.58,0.001,0.001,4191.0,2645.0,1.0
rC[60],0.559,0.033,0.492,0.619,0.001,0.0,3986.0,2563.0,1.0
rC[61],0.544,0.056,0.443,0.654,0.001,0.001,4684.0,2862.0,1.0
rC[62],0.538,0.009,0.52,0.556,0.0,0.0,3112.0,2106.0,1.0
rC[63],0.548,0.068,0.421,0.677,0.001,0.001,6107.0,2809.0,1.0
rC[64],0.521,0.08,0.385,0.689,0.001,0.001,4515.0,2164.0,1.0
rC[65],0.63,0.071,0.503,0.766,0.001,0.001,4743.0,2395.0,1.0
rC[66],0.453,0.015,0.425,0.483,0.0,0.0,3926.0,3006.0,1.0
rC[67],0.528,0.071,0.401,0.663,0.001,0.001,4680.0,2741.0,1.0
rC[68],0.473,0.033,0.413,0.534,0.001,0.0,3747.0,2743.0,1.0
rC[69],0.38,0.03,0.324,0.436,0.001,0.0,3531.0,2687.0,1.0
rC[70],0.433,0.033,0.366,0.492,0.001,0.0,3735.0,2656.0,1.0
rC[71],0.376,0.036,0.31,0.441,0.001,0.0,3810.0,2921.0,1.0
rC[72],0.588,0.066,0.459,0.708,0.001,0.001,4606.0,2547.0,1.0
rC[73],0.442,0.061,0.334,0.56,0.001,0.001,3950.0,2636.0,1.0
rC[74],0.554,0.081,0.408,0.713,0.001,0.001,5180.0,2505.0,1.0
rC[75],0.632,0.033,0.571,0.692,0.001,0.0,3798.0,1999.0,1.0
rC[76],0.579,0.043,0.5,0.658,0.001,0.0,3777.0,2680.0,1.0
rC[77],0.361,0.048,0.278,0.456,0.001,0.001,4700.0,3143.0,1.0
rC[78],0.473,0.061,0.352,0.583,0.001,0.001,3583.0,2450.0,1.0
rC[79],0.561,0.07,0.43,0.696,0.001,0.001,4800.0,2533.0,1.0
rC[80],0.454,0.044,0.37,0.539,0.001,0.0,4132.0,2551.0,1.0
rC[81],0.533,0.05,0.441,0.629,0.001,0.001,4127.0,2212.0,1.0
rC[82],0.536,0.09,0.372,0.71,0.001,0.001,5349.0,2738.0,1.0
rC[83],0.513,0.08,0.359,0.655,0.001,0.001,4966.0,2280.0,1.0
rC[84],0.75,0.026,0.699,0.795,0.0,0.0,4197.0,2499.0,1.0
rC[85],0.445,0.069,0.322,0.578,0.001,0.001,4610.0,2855.0,1.0
rC[86],0.409,0.025,0.36,0.455,0.0,0.0,3851.0,2580.0,1.0
rC[87],0.439,0.06,0.325,0.547,0.001,0.001,4277.0,2651.0,1.0
rC[88],0.47,0.035,0.406,0.543,0.001,0.0,3777.0,2537.0,1.0
rC[89],0.552,0.045,0.464,0.637,0.001,0.0,4726.0,2683.0,1.0
rC[90],0.444,0.053,0.348,0.544,0.001,0.001,4110.0,3155.0,1.0
rC[91],0.618,0.004,0.611,0.625,0.0,0.0,4356.0,2463.0,1.0
rC[92],0.461,0.079,0.314,0.607,0.001,0.001,5005.0,2731.0,1.0
rC[93],0.342,0.075,0.206,0.482,0.002,0.001,2065.0,1517.0,1.0
rC[94],0.431,0.078,0.288,0.576,0.001,0.001,4286.0,2980.0,1.0
rC[95],0.405,0.048,0.322,0.501,0.001,0.001,4569.0,2571.0,1.0
rC[96],0.432,0.024,0.383,0.475,0.0,0.0,4616.0,2729.0,1.0
rC[97],0.522,0.054,0.421,0.623,0.001,0.001,4628.0,2982.0,1.0
rC[98],0.569,0.057,0.463,0.679,0.001,0.001,5792.0,2893.0,1.0
rC[99],0.562,0.048,0.473,0.66,0.001,0.001,4446.0,2308.0,1.0
rC[100],0.458,0.064,0.348,0.581,0.001,0.001,4143.0,2845.0,1.0
rC[101],0.544,0.064,0.425,0.664,0.001,0.001,4928.0,2684.0,1.0
rC[102],0.614,0.056,0.51,0.72,0.001,0.001,3860.0,2418.0,1.0
rC[103],0.607,0.027,0.561,0.662,0.0,0.0,4417.0,2594.0,1.0
rC[104],0.485,0.064,0.373,0.614,0.001,0.001,5815.0,3060.0,1.0
rC[105],0.514,0.047,0.429,0.606,0.001,0.0,4735.0,2586.0,1.0
rC[106],0.578,0.077,0.43,0.72,0.001,0.001,4300.0,2637.0,1.0
rC[107],0.45,0.057,0.345,0.558,0.001,0.001,4387.0,2821.0,1.0
rC[108],0.513,0.048,0.423,0.601,0.001,0.001,3877.0,2751.0,1.0
rC[109],0.629,0.06,0.511,0.735,0.001,0.001,4712.0,3237.0,1.0
rC[110],0.513,0.077,0.367,0.657,0.001,0.001,4175.0,2533.0,1.0
rC[111],0.347,0.091,0.183,0.521,0.002,0.001,3299.0,2120.0,1.0
rC[112],0.516,0.064,0.391,0.632,0.001,0.001,4362.0,2337.0,1.0
rC[113],0.569,0.035,0.502,0.634,0.001,0.0,4511.0,2740.0,1.0
rC[114],0.557,0.068,0.431,0.688,0.001,0.001,5066.0,3049.0,1.0
rC[115],0.482,0.054,0.384,0.585,0.001,0.001,4858.0,2690.0,1.0
rC[116],0.55,0.059,0.438,0.66,0.001,0.001,4870.0,2976.0,1.0
rC[117],0.569,0.054,0.472,0.674,0.001,0.001,4106.0,2570.0,1.0
rC[118],0.495,0.046,0.412,0.585,0.001,0.001,3742.0,2273.0,1.0
rC[119],0.496,0.051,0.403,0.593,0.001,0.001,4393.0,2281.0,1.0
rC[120],0.487,0.081,0.344,0.639,0.001,0.001,5285.0,2797.0,1.0
rC[121],0.489,0.034,0.429,0.555,0.001,0.0,3678.0,2349.0,1.0
rC[122],0.481,0.043,0.4,0.564,0.001,0.0,4313.0,2996.0,1.0
rC[123],0.467,0.065,0.35,0.592,0.001,0.001,5596.0,2584.0,1.0
rC[124],0.521,0.048,0.429,0.613,0.001,0.001,4737.0,2534.0,1.0
rC[125],0.529,0.044,0.447,0.616,0.001,0.0,4119.0,2656.0,1.0
rC[126],0.429,0.063,0.313,0.549,0.001,0.001,4654.0,2983.0,1.0
rC[127],0.468,0.024,0.423,0.514,0.0,0.0,3496.0,2091.0,1.0
rC[128],0.387,0.056,0.286,0.494,0.001,0.001,3181.0,2583.0,1.0
rC[129],0.391,0.048,0.301,0.478,0.001,0.001,3669.0,2221.0,1.0
rC[130],0.587,0.07,0.451,0.713,0.001,0.001,5153.0,2431.0,1.0
rC[131],0.542,0.061,0.424,0.654,0.001,0.001,4220.0,2208.0,1.0
rC[132],0.48,0.059,0.371,0.592,0.001,0.001,5601.0,2644.0,1.0
rC[133],0.48,0.06,0.365,0.592,0.001,0.001,5575.0,2711.0,1.0
rC[134],0.308,0.025,0.263,0.357,0.0,0.0,3955.0,2229.0,1.0
rC[135],0.361,0.1,0.168,0.542,0.002,0.001,2864.0,1856.0,1.0
rC[136],0.513,0.056,0.412,0.624,0.001,0.001,4632.0,2947.0,1.0
rC[137],0.594,0.069,0.462,0.719,0.001,0.001,5377.0,2877.0,1.0
rC[138],0.519,0.044,0.438,0.602,0.001,0.0,4719.0,3028.0,1.0
rC[139],0.457,0.058,0.353,0.566,0.001,0.001,5312.0,2800.0,1.0
rC[140],0.494,0.069,0.363,0.623,0.001,0.001,3906.0,2565.0,1.0
rC[141],0.509,0.071,0.373,0.637,0.001,0.001,5287.0,2994.0,1.0
rC[142],0.464,0.078,0.315,0.613,0.001,0.001,5615.0,2728.0,1.0
rC[143],0.553,0.064,0.431,0.675,0.001,0.001,4203.0,2864.0,1.0
rC[144],0.479,0.055,0.376,0.583,0.001,0.001,4766.0,2387.0,1.0
rC[145],0.518,0.073,0.373,0.648,0.001,0.001,5578.0,2126.0,1.0
rC[146],0.527,0.064,0.411,0.651,0.001,0.001,4173.0,2950.0,1.0
rC[147],0.471,0.044,0.394,0.558,0.001,0.0,4063.0,2438.0,1.0
rC[148],0.447,0.056,0.344,0.549,0.001,0.001,4539.0,2862.0,1.0
rC[149],0.536,0.047,0.448,0.624,0.001,0.001,3718.0,2962.0,1.0
rC[150],0.519,0.029,0.465,0.572,0.0,0.0,4242.0,2668.0,1.0
rC[151],0.58,0.072,0.448,0.716,0.001,0.001,4733.0,2318.0,1.0
rC[152],0.379,0.046,0.303,0.473,0.001,0.001,3561.0,2759.0,1.0
rC[153],0.596,0.044,0.512,0.676,0.001,0.0,4887.0,2755.0,1.0
rC[154],0.567,0.055,0.468,0.675,0.001,0.001,5097.0,2794.0,1.0
rC[155],0.598,0.07,0.466,0.73,0.001,0.001,4239.0,2464.0,1.0
rC[156],0.538,0.061,0.427,0.656,0.001,0.001,4232.0,2777.0,1.0
rC[157],0.463,0.029,0.408,0.515,0.0,0.0,3806.0,2535.0,1.0
rC[158],0.425,0.031,0.371,0.488,0.001,0.0,3388.0,2409.0,1.0
rC[159],0.635,0.056,0.529,0.743,0.001,0.001,4711.0,2765.0,1.0
rC[160],0.494,0.08,0.341,0.639,0.001,0.001,4519.0,2784.0,1.0
rC[161],0.552,0.065,0.431,0.671,0.001,0.001,4731.0,2701.0,1.0
rC[162],0.45,0.048,0.366,0.548,0.001,0.001,3464.0,2503.0,1.0
rC[163],0.557,0.053,0.457,0.658,0.001,0.001,4276.0,2947.0,1.0
rC[164],0.591,0.07,0.466,0.725,0.001,0.001,5429.0,2424.0,1.0
rC[165],0.49,0.049,0.398,0.584,0.001,0.001,3949.0,2765.0,1.0
rC[166],0.557,0.071,0.431,0.697,0.001,0.001,5298.0,2633.0,1.0
rC[167],0.562,0.076,0.422,0.709,0.001,0.001,7121.0,2970.0,1.0
rC[168],0.44,0.068,0.312,0.565,0.001,0.001,5333.0,2842.0,1.0
rC[169],0.367,0.042,0.29,0.446,0.001,0.001,3884.0,2966.0,1.0
rC[170],0.349,0.062,0.231,0.462,0.001,0.001,4609.0,3086.0,1.0
rC[171],0.493,0.077,0.347,0.635,0.001,0.001,4891.0,2494.0,1.0
rC[172],0.539,0.06,0.431,0.656,0.001,0.001,4024.0,2447.0,1.0
rC[173],0.596,0.076,0.448,0.74,0.001,0.001,5376.0,2940.0,1.0
rC[174],0.562,0.017,0.53,0.594,0.0,0.0,3361.0,2288.0,1.0
rC[175],0.251,0.057,0.151,0.358,0.001,0.001,2124.0,2255.0,1.0
rC[176],0.484,0.059,0.378,0.598,0.001,0.001,5371.0,2950.0,1.0
rC[177],0.557,0.061,0.444,0.672,0.001,0.001,4314.0,2686.0,1.0
rC[178],0.498,0.063,0.379,0.618,0.001,0.001,5207.0,2847.0,1.0
rC[179],0.47,0.082,0.322,0.625,0.001,0.001,4765.0,2775.0,1.0
rC[180],0.526,0.074,0.391,0.667,0.001,0.001,5171.0,2835.0,1.0
rC[181],0.448,0.038,0.381,0.521,0.001,0.0,4313.0,2813.0,1.0
rC[182],0.493,0.042,0.422,0.58,0.001,0.001,3694.0,2583.0,1.0
rC[183],0.486,0.051,0.388,0.579,0.001,0.001,4617.0,2793.0,1.0
rC[184],0.525,0.023,0.483,0.57,0.0,0.0,3520.0,2412.0,1.0
rC[185],0.39,0.045,0.311,0.479,0.001,0.0,5378.0,3247.0,1.0
rC[186],0.534,0.068,0.413,0.669,0.001,0.001,5473.0,2826.0,1.0
rC[187],0.518,0.06,0.411,0.634,0.001,0.001,6114.0,2488.0,1.0
rC[188],0.44,0.084,0.277,0.589,0.001,0.001,4255.0,2511.0,1.0
rC[189],0.373,0.04,0.301,0.452,0.001,0.001,3203.0,2949.0,1.0
rC[190],0.581,0.075,0.434,0.718,0.001,0.001,5221.0,2671.0,1.0
rC[191],0.529,0.026,0.478,0.577,0.0,0.0,3990.0,2507.0,1.0
rC[192],0.432,0.073,0.303,0.572,0.001,0.001,4590.0,2765.0,1.0
rC[193],0.539,0.046,0.447,0.623,0.001,0.0,4606.0,2449.0,1.0
rC[194],0.609,0.04,0.531,0.683,0.001,0.0,4626.0,2165.0,1.0
rC[195],0.5,0.052,0.407,0.6,0.001,0.001,4339.0,3189.0,1.0
rC[196],0.41,0.026,0.365,0.46,0.0,0.0,4386.0,2443.0,1.0
rC[197],0.57,0.051,0.48,0.669,0.001,0.0,5267.0,2844.0,1.0
rC[198],0.561,0.065,0.446,0.689,0.001,0.001,4906.0,3068.0,1.0
rC[199],0.469,0.038,0.405,0.547,0.001,0.0,4282.0,3199.0,1.0
rC[200],0.389,0.037,0.32,0.46,0.001,0.0,3708.0,2479.0,1.0
rC[201],0.428,0.048,0.346,0.525,0.001,0.001,4316.0,2987.0,1.0
rC[202],0.555,0.049,0.457,0.645,0.001,0.001,4446.0,2916.0,1.0
rC[203],0.634,0.019,0.597,0.668,0.0,0.0,4173.0,2815.0,1.0
rC[204],0.511,0.046,0.417,0.592,0.001,0.001,3812.0,2574.0,1.0
rC[205],0.566,0.085,0.408,0.715,0.001,0.001,6460.0,2638.0,1.0
rC[206],0.392,0.007,0.379,0.405,0.0,0.0,3435.0,2367.0,1.0
rC[207],0.489,0.085,0.329,0.646,0.001,0.001,3558.0,2257.0,1.0
rC[208],0.421,0.108,0.222,0.625,0.002,0.002,2142.0,1234.0,1.0
rC[209],0.415,0.048,0.33,0.507,0.001,0.001,3982.0,2483.0,1.0
rC[210],0.574,0.047,0.483,0.662,0.001,0.0,4905.0,2263.0,1.0
rC[211],0.21,0.064,0.112,0.338,0.001,0.001,2561.0,1980.0,1.0
rC[212],0.545,0.076,0.4,0.684,0.001,0.001,5095.0,2557.0,1.0
rC[213],0.496,0.093,0.328,0.672,0.001,0.001,6352.0,2392.0,1.0
rC[214],0.496,0.034,0.431,0.561,0.001,0.0,3171.0,2156.0,1.0
rC[215],0.477,0.087,0.313,0.64,0.001,0.001,4109.0,2880.0,1.0
rC[216],0.711,0.063,0.595,0.83,0.001,0.001,4512.0,2981.0,1.0
rC[217],0.426,0.059,0.316,0.536,0.001,0.001,3527.0,2278.0,1.0
rC[218],0.641,0.039,0.567,0.712,0.001,0.0,4136.0,2394.0,1.0
rC[219],0.419,0.057,0.315,0.526,0.001,0.001,6097.0,3262.0,1.0
rC[220],0.445,0.046,0.356,0.53,0.001,0.0,4511.0,3191.0,1.0
rC[221],0.483,0.074,0.344,0.62,0.001,0.001,5848.0,2860.0,1.0
rC[222],0.609,0.067,0.483,0.733,0.001,0.001,4583.0,2485.0,1.0
rC[223],0.489,0.056,0.387,0.595,0.001,0.001,4331.0,2575.0,1.0
rC[224],0.5,0.058,0.395,0.615,0.001,0.001,4750.0,3071.0,1.0
rC[225],0.553,0.07,0.425,0.692,0.001,0.001,5791.0,2910.0,1.0
rC[226],0.536,0.06,0.426,0.648,0.001,0.001,5096.0,2921.0,1.0
rC[227],0.53,0.065,0.408,0.647,0.001,0.001,4688.0,2792.0,1.0
rC[228],0.558,0.073,0.43,0.703,0.001,0.001,5969.0,3094.0,1.0
rC[229],0.476,0.035,0.409,0.54,0.001,0.0,3859.0,2596.0,1.0
rC[230],0.585,0.031,0.525,0.644,0.0,0.0,4537.0,2848.0,1.0
rC[231],0.55,0.051,0.458,0.649,0.001,0.001,4787.0,3019.0,1.0
rC[232],0.503,0.061,0.386,0.619,0.001,0.001,3822.0,1777.0,1.0
rC[233],0.443,0.05,0.35,0.537,0.001,0.001,3582.0,2525.0,1.0
rC[234],0.516,0.062,0.411,0.645,0.001,0.001,4658.0,2718.0,1.0
rC[235],0.535,0.079,0.396,0.689,0.001,0.001,4680.0,2464.0,1.0
rC[236],0.54,0.074,0.399,0.675,0.001,0.001,5668.0,2759.0,1.0
rC[237],0.476,0.037,0.406,0.544,0.001,0.0,3252.0,2667.0,1.0
rC[238],0.423,0.041,0.35,0.502,0.001,0.0,3703.0,2595.0,1.0
rC[239],0.492,0.056,0.389,0.599,0.001,0.001,3895.0,2441.0,1.0
rC[240],0.522,0.049,0.419,0.606,0.001,0.001,4619.0,2267.0,1.0
rC[241],0.561,0.075,0.422,0.704,0.001,0.001,4933.0,2390.0,1.0
rC[242],0.606,0.048,0.509,0.695,0.001,0.001,3927.0,2576.0,1.0
rC[243],0.48,0.057,0.376,0.589,0.001,0.001,4968.0,2831.0,1.0
rC[244],0.627,0.072,0.504,0.771,0.001,0.001,5021.0,3183.0,1.0
rC[245],0.604,0.078,0.461,0.752,0.001,0.001,4718.0,2491.0,1.0
rC[246],0.44,0.097,0.255,0.619,0.001,0.001,4147.0,2075.0,1.0
rC[247],0.529,0.06,0.42,0.645,0.001,0.001,5321.0,2281.0,1.0
rC[248],0.443,0.08,0.296,0.592,0.001,0.001,4652.0,2627.0,1.0
rC[249],0.539,0.064,0.413,0.655,0.001,0.001,5360.0,2685.0,1.0
rC[250],0.462,0.07,0.334,0.596,0.001,0.001,3983.0,2325.0,1.0
rC[251],0.436,0.054,0.337,0.539,0.001,0.001,3474.0,1751.0,1.0
rC[252],0.334,0.031,0.277,0.391,0.001,0.0,3044.0,2369.0,1.0
rC[253],0.461,0.051,0.371,0.562,0.001,0.001,3987.0,2902.0,1.0
rC[254],0.589,0.071,0.447,0.716,0.001,0.001,5575.0,2815.0,1.0
rC[255],0.406,0.077,0.26,0.548,0.001,0.001,3724.0,2421.0,1.0
rC[256],0.739,0.012,0.717,0.762,0.0,0.0,4083.0,2436.0,1.0
rC[257],0.572,0.068,0.447,0.702,0.001,0.001,4521.0,2732.0,1.0
rC[258],0.488,0.056,0.381,0.588,0.001,0.001,5402.0,2630.0,1.0
rC[259],0.556,0.056,0.452,0.663,0.001,0.0,6183.0,2514.0,1.0
rC[260],0.37,0.063,0.258,0.488,0.001,0.001,5131.0,2536.0,1.0
rC[261],0.532,0.041,0.452,0.607,0.001,0.0,4175.0,2706.0,1.0
rC[262],0.381,0.039,0.304,0.452,0.001,0.001,3390.0,2605.0,1.0
rC[263],0.444,0.005,0.436,0.453,0.0,0.0,4422.0,2327.0,1.0
rC[264],0.512,0.051,0.422,0.613,0.001,0.001,4778.0,2644.0,1.0
rC[265],0.437,0.07,0.314,0.568,0.001,0.001,3994.0,2998.0,1.0
rC[266],0.435,0.022,0.395,0.475,0.0,0.0,2776.0,1781.0,1.0
rC[267],0.42,0.062,0.311,0.54,0.001,0.001,4611.0,2601.0,1.0
rC[268],0.532,0.04,0.455,0.607,0.001,0.0,4085.0,2716.0,1.0
rC[269],0.477,0.048,0.388,0.566,0.001,0.001,3873.0,2851.0,1.0
rC[270],0.506,0.045,0.425,0.591,0.001,0.001,3719.0,2469.0,1.0
rC[271],0.577,0.065,0.463,0.705,0.001,0.001,4909.0,2820.0,1.0
rC[272],0.714,0.077,0.572,0.862,0.001,0.001,3389.0,2544.0,1.0
rC[273],0.504,0.06,0.394,0.616,0.001,0.001,5598.0,2870.0,1.0
rC[274],0.552,0.07,0.423,0.684,0.001,0.001,3364.0,2430.0,1.0
rC[275],0.454,0.066,0.332,0.577,0.001,0.001,4908.0,3379.0,1.0
rC[276],0.491,0.051,0.392,0.585,0.001,0.001,5344.0,2897.0,1.0
rC[277],0.542,0.063,0.42,0.658,0.001,0.001,5317.0,2826.0,1.0
rC[278],0.49,0.091,0.316,0.664,0.001,0.001,5642.0,2425.0,1.0
rC[279],0.651,0.054,0.543,0.749,0.001,0.001,4043.0,2519.0,1.0
rC[280],0.455,0.083,0.305,0.612,0.001,0.001,4169.0,2459.0,1.0
rC[281],0.441,0.07,0.314,0.577,0.001,0.001,3493.0,2378.0,1.0
rC[282],0.534,0.06,0.426,0.65,0.001,0.001,4595.0,2528.0,1.0
rC[283],0.487,0.056,0.383,0.591,0.001,0.001,4150.0,2878.0,1.0
rC[284],0.573,0.043,0.494,0.658,0.001,0.0,4343.0,2393.0,1.0
rC[285],0.413,0.024,0.367,0.459,0.0,0.0,4096.0,2700.0,1.0
rC[286],0.608,0.071,0.472,0.739,0.001,0.001,4953.0,3003.0,1.0
rC[287],0.602,0.068,0.474,0.733,0.001,0.001,4967.0,2437.0,1.0
rC[288],0.547,0.059,0.437,0.655,0.001,0.001,4689.0,2873.0,1.0
rC[289],0.417,0.018,0.383,0.45,0.0,0.0,2805.0,1989.0,1.0
rC[290],0.572,0.027,0.519,0.622,0.0,0.0,5298.0,2713.0,1.0
rC[291],0.451,0.087,0.291,0.618,0.001,0.001,4512.0,2399.0,1.0
rC[292],0.543,0.046,0.462,0.636,0.001,0.001,3912.0,2484.0,1.0
rC[293],0.541,0.07,0.41,0.674,0.001,0.001,3825.0,2317.0,1.0
rC[294],0.419,0.044,0.341,0.507,0.001,0.0,4534.0,2528.0,1.0
rC[295],0.503,0.085,0.355,0.669,0.001,0.001,5132.0,3027.0,1.0
rC[296],0.588,0.082,0.425,0.732,0.001,0.001,4463.0,2765.0,1.0
rC[297],0.497,0.093,0.324,0.673,0.001,0.001,4486.0,2349.0,1.0
rC[298],0.519,0.072,0.391,0.655,0.001,0.001,5860.0,2966.0,1.0
rC[299],0.517,0.053,0.42,0.62,0.001,0.001,4408.0,2760.0,1.0
gC[0],1.376,0.126,1.135,1.61,0.002,0.001,5573.0,3063.0,1.0
gC[1],2.216,0.1,2.021,2.399,0.001,0.001,6311.0,2984.0,1.0
gC[2],2.1,0.109,1.898,2.309,0.002,0.001,4913.0,2420.0,1.0
gC[3],1.703,0.02,1.668,1.742,0.0,0.0,3677.0,2120.0,1.0
gC[4],1.52,0.079,1.365,1.663,0.001,0.001,4882.0,2592.0,1.0
gC[5],2.682,0.248,2.219,3.147,0.003,0.002,5183.0,2899.0,1.0
gC[6],2.289,0.241,1.827,2.743,0.003,0.002,5829.0,2347.0,1.0
gC[7],2.169,0.221,1.767,2.591,0.003,0.002,5234.0,2439.0,1.0
gC[8],1.378,0.08,1.236,1.538,0.001,0.001,5704.0,2747.0,1.0
gC[9],1.532,0.081,1.374,1.68,0.001,0.001,4787.0,2329.0,1.0
gC[10],1.884,0.235,1.432,2.329,0.003,0.002,6858.0,3232.0,1.0
gC[11],2.705,0.13,2.457,2.949,0.002,0.001,4423.0,2272.0,1.0
gC[12],2.099,0.128,1.845,2.328,0.002,0.001,5193.0,2914.0,1.0
gC[13],1.886,0.176,1.554,2.204,0.003,0.002,4761.0,2786.0,1.0
gC[14],1.157,0.064,1.04,1.278,0.001,0.001,4659.0,2676.0,1.0
gC[15],1.813,0.106,1.607,2.011,0.002,0.001,4261.0,2512.0,1.0
gC[16],1.409,0.026,1.357,1.457,0.0,0.0,4341.0,2387.0,1.0
gC[17],1.53,0.052,1.431,1.632,0.001,0.001,3967.0,2209.0,1.0
gC[18],1.937,0.121,1.709,2.164,0.002,0.001,4583.0,2851.0,1.0
gC[19],1.758,0.051,1.663,1.854,0.001,0.001,3691.0,2547.0,1.0
gC[20],2.731,0.151,2.45,3.01,0.002,0.001,5678.0,2198.0,1.0
gC[21],2.457,0.162,2.129,2.738,0.002,0.001,6143.0,2353.0,1.0
gC[22],1.731,0.089,1.573,1.905,0.001,0.001,4569.0,2605.0,1.0
gC[23],1.323,0.186,0.993,1.69,0.003,0.002,5017.0,2436.0,1.0
gC[24],2.631,0.19,2.279,2.988,0.003,0.002,5073.0,2699.0,1.0
gC[25],2.855,0.071,2.712,2.982,0.001,0.001,4352.0,2546.0,1.0
gC[26],1.003,0.079,0.852,1.149,0.001,0.001,3592.0,2402.0,1.0
gC[27],2.153,0.072,2.016,2.294,0.001,0.001,3997.0,2239.0,1.0
gC[28],1.898,0.069,1.765,2.025,0.001,0.001,5096.0,2708.0,1.0
gC[29],2.336,0.178,1.997,2.66,0.003,0.002,4691.0,2393.0,1.0
gC[30],2.695,0.129,2.451,2.938,0.002,0.001,4715.0,2005.0,1.0
gC[31],1.858,0.075,1.719,2.001,0.001,0.001,4474.0,2786.0,1.0
gC[32],1.02,0.068,0.891,1.142,0.001,0.001,4923.0,2410.0,1.0
gC[33],2.474,0.122,2.24,2.695,0.002,0.001,5585.0,2588.0,1.0
gC[34],2.687,0.066,2.557,2.808,0.001,0.001,4811.0,2351.0,1.0
gC[35],1.957,0.169,1.642,2.272,0.002,0.002,5344.0,2527.0,1.0
gC[36],1.759,0.105,1.551,1.947,0.002,0.001,4893.0,2458.0,1.0
gC[37],1.772,0.035,1.702,1.835,0.001,0.0,3544.0,2144.0,1.0
gC[38],2.268,0.154,1.967,2.557,0.002,0.001,5560.0,2461.0,1.0
gC[39],1.799,0.044,1.715,1.881,0.001,0.0,4370.0,2035.0,1.0
gC[40],2.151,0.211,1.764,2.559,0.003,0.002,6050.0,2519.0,1.0
gC[41],1.863,0.09,1.699,2.036,0.001,0.001,4099.0,2518.0,1.0
gC[42],1.987,0.132,1.742,2.228,0.002,0.001,5477.0,2578.0,1.0
gC[43],2.454,0.088,2.296,2.627,0.001,0.001,4603.0,2674.0,1.0
gC[44],1.821,0.07,1.688,1.957,0.001,0.001,4965.0,2486.0,1.0
gC[45],1.811,0.059,1.698,1.918,0.001,0.001,4700.0,2386.0,1.0
gC[46],1.998,0.106,1.806,2.204,0.002,0.001,4646.0,2828.0,1.0
gC[47],1.422,0.104,1.234,1.623,0.002,0.001,4686.0,2634.0,1.0
gC[48],1.652,0.089,1.482,1.817,0.001,0.001,4504.0,2323.0,1.0
gC[49],1.396,0.071,1.259,1.525,0.001,0.001,4146.0,3045.0,1.0
gC[50],2.424,0.095,2.239,2.597,0.001,0.001,5653.0,2585.0,1.0
gC[51],2.077,0.137,1.822,2.333,0.002,0.001,5253.0,2958.0,1.0
gC[52],1.546,0.107,1.346,1.755,0.002,0.001,5057.0,2612.0,1.0
gC[53],2.376,0.072,2.242,2.515,0.001,0.001,4948.0,2181.0,1.0
gC[54],1.772,0.066,1.644,1.893,0.001,0.001,5140.0,2367.0,1.0
gC[55],1.561,0.125,1.322,1.796,0.002,0.001,5071.0,2803.0,1.0
gC[56],1.848,0.099,1.65,2.019,0.002,0.001,4114.0,2737.0,1.0
gC[57],2.714,0.092,2.54,2.88,0.001,0.001,4485.0,2454.0,1.0
gC[58],1.735,0.091,1.549,1.896,0.001,0.001,5182.0,2678.0,1.0
gC[59],2.271,0.148,2.006,2.552,0.002,0.001,5512.0,1944.0,1.0
gC[60],2.333,0.057,2.227,2.439,0.001,0.001,4253.0,2761.0,1.0
gC[61],2.038,0.103,1.835,2.227,0.001,0.001,5081.0,2745.0,1.0
gC[62],2.643,0.024,2.599,2.689,0.0,0.0,5078.0,2688.0,1.0
gC[63],1.656,0.124,1.434,1.904,0.002,0.001,5344.0,2866.0,1.0
gC[64],1.538,0.214,1.126,1.921,0.003,0.002,5497.0,2705.0,1.0
gC[65],1.332,0.092,1.17,1.508,0.001,0.001,5176.0,3016.0,1.0
gC[66],1.917,0.029,1.865,1.972,0.0,0.0,3870.0,2268.0,1.0
gC[67],1.702,0.183,1.355,2.059,0.003,0.002,5053.0,2534.0,1.0
gC[68],2.114,0.057,2.006,2.223,0.001,0.001,4792.0,2473.0,1.0
gC[69],2.032,0.078,1.88,2.174,0.001,0.001,4807.0,2498.0,1.0
gC[70],2.673,0.086,2.511,2.839,0.001,0.001,5575.0,2637.0,1.0
gC[71],2.219,0.075,2.072,2.355,0.001,0.001,4993.0,2608.0,1.0
gC[72],1.772,0.101,1.587,1.969,0.002,0.001,4504.0,2627.0,1.0
gC[73],2.174,0.158,1.865,2.452,0.002,0.002,5134.0,2370.0,1.0
gC[74],1.87,0.229,1.423,2.277,0.003,0.002,5422.0,2491.0,1.0
gC[75],1.984,0.04,1.909,2.059,0.001,0.0,4211.0,2502.0,1.0
gC[76],2.412,0.123,2.187,2.647,0.002,0.001,4787.0,2818.0,1.0
gC[77],2.03,0.106,1.82,2.218,0.001,0.001,6146.0,2932.0,1.0
gC[78],2.158,0.15,1.87,2.437,0.002,0.001,5797.0,2449.0,1.0
gC[79],1.758,0.164,1.454,2.072,0.002,0.002,4792.0,2907.0,1.0
gC[80],2.52,0.159,2.216,2.816,0.002,0.002,4767.0,2378.0,1.0
gC[81],2.831,0.134,2.574,3.076,0.002,0.001,5295.0,2570.0,1.0
gC[82],1.012,0.158,0.716,1.298,0.002,0.002,5422.0,3047.0,1.0
gC[83],1.444,0.177,1.114,1.775,0.002,0.002,5375.0,2884.0,1.0
gC[84],2.006,0.036,1.938,2.073,0.001,0.0,4243.0,2679.0,1.0
gC[85],1.816,0.134,1.563,2.066,0.002,0.001,5361.0,2730.0,1.0
gC[86],2.943,0.073,2.808,3.083,0.001,0.001,4513.0,2548.0,1.0
gC[87],2.004,0.116,1.784,2.229,0.002,0.001,4778.0,2695.0,1.0
gC[88],2.688,0.124,2.463,2.922,0.002,0.001,4381.0,2201.0,1.0
gC[89],1.057,0.052,0.958,1.155,0.001,0.001,4519.0,2507.0,1.0
gC[90],2.398,0.12,2.185,2.635,0.002,0.001,3667.0,2319.0,1.0
gC[91],1.643,0.004,1.635,1.651,0.0,0.0,5343.0,2684.0,1.0
gC[92],1.374,0.147,1.096,1.643,0.002,0.001,5187.0,2866.0,1.0
gC[93],1.809,0.159,1.499,2.106,0.002,0.002,4189.0,2468.0,1.0
gC[94],1.292,0.117,1.067,1.51,0.002,0.001,5510.0,2583.0,1.0
gC[95],2.193,0.105,1.993,2.383,0.001,0.001,5225.0,2615.0,1.0
gC[96],2.129,0.058,2.02,2.235,0.001,0.001,5787.0,2449.0,1.0
gC[97],2.106,0.108,1.898,2.309,0.002,0.001,3949.0,2616.0,1.0
gC[98],2.232,0.121,2.014,2.473,0.002,0.001,6306.0,2768.0,1.0
gC[99],2.718,0.155,2.417,2.993,0.002,0.002,5111.0,2300.0,1.0
gC[100],1.77,0.129,1.53,2.015,0.002,0.001,5427.0,2720.0,1.0
gC[101],2.212,0.171,1.88,2.523,0.002,0.002,6177.0,2587.0,1.0
gC[102],2.218,0.089,2.058,2.392,0.001,0.001,4407.0,2521.0,1.0
gC[103],2.173,0.05,2.08,2.267,0.001,0.001,4995.0,2839.0,1.0
gC[104],2.042,0.138,1.784,2.306,0.002,0.001,4928.0,2525.0,1.0
gC[105],2.739,0.145,2.473,3.016,0.002,0.001,5316.0,2548.0,1.0
gC[106],1.499,0.188,1.137,1.845,0.003,0.002,4954.0,2850.0,1.0
gC[107],1.195,0.071,1.069,1.334,0.001,0.001,4426.0,2553.0,1.0
gC[108],1.822,0.099,1.642,2.017,0.001,0.001,5977.0,2820.0,1.0
gC[109],2.364,0.138,2.097,2.626,0.002,0.001,5258.0,2911.0,1.0
gC[110],1.903,0.187,1.551,2.258,0.002,0.002,5995.0,2981.0,1.0
gC[111],1.774,0.189,1.413,2.113,0.002,0.002,6160.0,2610.0,1.0
gC[112],1.384,0.085,1.234,1.555,0.001,0.001,4529.0,2197.0,1.0
gC[113],2.118,0.058,2.008,2.225,0.001,0.001,3760.0,2533.0,1.0
gC[114],2.16,0.186,1.807,2.5,0.003,0.002,4609.0,2838.0,1.0
gC[115],1.955,0.112,1.73,2.151,0.002,0.001,5064.0,2350.0,1.0
gC[116],1.791,0.151,1.513,2.077,0.002,0.001,5977.0,2558.0,1.0
gC[117],2.183,0.151,1.896,2.449,0.002,0.002,4219.0,2685.0,1.0
gC[118],2.167,0.098,1.982,2.348,0.002,0.001,3839.0,2215.0,1.0
gC[119],1.982,0.122,1.76,2.219,0.002,0.001,5336.0,2755.0,1.0
gC[120],1.29,0.132,1.043,1.545,0.002,0.001,4949.0,3231.0,1.0
gC[121],2.108,0.079,1.959,2.257,0.001,0.001,5058.0,2046.0,1.0
gC[122],1.805,0.089,1.641,1.976,0.001,0.001,4770.0,2847.0,1.0
gC[123],2.343,0.154,2.045,2.619,0.002,0.002,5295.0,2586.0,1.0
gC[124],1.912,0.077,1.773,2.065,0.001,0.001,5101.0,2594.0,1.0
gC[125],2.388,0.128,2.148,2.628,0.002,0.001,5168.0,2767.0,1.0
gC[126],1.928,0.153,1.652,2.225,0.002,0.001,5373.0,2839.0,1.0
gC[127],1.822,0.055,1.714,1.922,0.001,0.001,4732.0,2693.0,1.0
gC[128],2.292,0.181,1.943,2.624,0.003,0.002,4468.0,2404.0,1.0
gC[129],2.19,0.105,1.985,2.383,0.002,0.001,4773.0,2607.0,1.0
gC[130],1.607,0.158,1.319,1.916,0.002,0.001,6014.0,2848.0,1.0
gC[131],2.683,0.206,2.284,3.035,0.003,0.002,5160.0,2668.0,1.0
gC[132],1.62,0.08,1.469,1.773,0.001,0.001,4696.0,3016.0,1.0
gC[133],2.402,0.165,2.088,2.708,0.002,0.001,6541.0,2597.0,1.0
gC[134],2.862,0.099,2.679,3.045,0.001,0.001,5011.0,2583.0,1.0
gC[135],1.115,0.17,0.816,1.446,0.002,0.002,4838.0,2801.0,1.0
gC[136],1.784,0.107,1.601,1.996,0.002,0.001,4420.0,2524.0,1.0
gC[137],2.127,0.141,1.867,2.39,0.002,0.001,4676.0,2698.0,1.0
gC[138],2.139,0.085,1.985,2.304,0.001,0.001,5191.0,2785.0,1.0
gC[139],1.641,0.109,1.45,1.857,0.001,0.001,5952.0,2853.0,1.0
gC[140],1.065,0.114,0.845,1.267,0.002,0.001,3988.0,2230.0,1.0
gC[141],2.39,0.219,2.012,2.829,0.003,0.002,5193.0,2914.0,1.0
gC[142],1.653,0.198,1.273,2.03,0.002,0.002,6627.0,2861.0,1.0
gC[143],1.729,0.143,1.441,1.981,0.002,0.001,5217.0,2194.0,1.0
gC[144],2.574,0.169,2.226,2.871,0.002,0.002,5664.0,2657.0,1.0
gC[145],1.951,0.22,1.534,2.369,0.003,0.002,6090.0,2981.0,1.0
gC[146],1.994,0.143,1.732,2.264,0.002,0.001,5264.0,3075.0,1.0
gC[147],1.908,0.088,1.734,2.071,0.001,0.001,4470.0,3004.0,1.0
gC[148],1.417,0.081,1.269,1.573,0.001,0.001,5169.0,2798.0,1.0
gC[149],2.274,0.082,2.108,2.418,0.001,0.001,3838.0,2548.0,1.0
gC[150],2.19,0.054,2.086,2.291,0.001,0.001,4978.0,2478.0,1.0
gC[151],1.874,0.149,1.602,2.149,0.002,0.001,5322.0,2574.0,1.0
gC[152],1.955,0.08,1.809,2.108,0.001,0.001,4889.0,3209.0,1.0
gC[153],1.835,0.108,1.621,2.034,0.002,0.001,5284.0,2578.0,1.0
gC[154],2.429,0.113,2.216,2.644,0.002,0.001,5216.0,2796.0,1.0
gC[155],1.968,0.161,1.667,2.266,0.002,0.002,5530.0,2987.0,1.0
gC[156],1.958,0.116,1.742,2.173,0.002,0.001,3955.0,2734.0,1.0
gC[157],2.268,0.059,2.149,2.373,0.001,0.001,4587.0,2477.0,1.0
gC[158],2.144,0.071,2.02,2.285,0.001,0.001,4649.0,2693.0,1.0
gC[159],2.678,0.125,2.431,2.904,0.002,0.001,5338.0,2828.0,1.0
gC[160],1.127,0.147,0.849,1.399,0.002,0.001,5259.0,2866.0,1.0
gC[161],2.025,0.166,1.709,2.326,0.002,0.002,4861.0,2956.0,1.0
gC[162],1.598,0.104,1.408,1.796,0.002,0.001,3935.0,2675.0,1.0
gC[163],1.475,0.085,1.309,1.632,0.001,0.001,4798.0,2663.0,1.0
gC[164],1.598,0.143,1.332,1.872,0.002,0.001,5528.0,2632.0,1.0
gC[165],1.998,0.127,1.758,2.24,0.002,0.001,5427.0,2701.0,1.0
gC[166],2.071,0.195,1.716,2.441,0.003,0.002,4415.0,2586.0,1.0
gC[167],1.342,0.143,1.085,1.618,0.002,0.002,4398.0,2763.0,1.0
gC[168],1.725,0.149,1.458,2.019,0.002,0.001,5472.0,3066.0,1.0
gC[169],2.011,0.099,1.821,2.196,0.001,0.001,5497.0,2532.0,1.0
gC[170],1.612,0.163,1.314,1.909,0.002,0.002,5955.0,2910.0,1.0
gC[171],1.54,0.157,1.255,1.847,0.002,0.002,4605.0,2784.0,1.0
gC[172],0.78,0.051,0.691,0.879,0.001,0.001,4726.0,2992.0,1.0
gC[173],1.816,0.181,1.475,2.166,0.002,0.002,5506.0,3150.0,1.0
gC[174],1.439,0.02,1.402,1.479,0.0,0.0,4299.0,2696.0,1.0
gC[175],1.719,0.145,1.438,1.988,0.003,0.002,2913.0,2447.0,1.0
gC[176],1.81,0.131,1.564,2.05,0.002,0.001,5089.0,2430.0,1.0
gC[177],1.624,0.084,1.459,1.781,0.001,0.001,4035.0,2447.0,1.0
gC[178],1.528,0.111,1.315,1.736,0.002,0.001,5474.0,2365.0,1.0
gC[179],1.056,0.11,0.84,1.259,0.002,0.001,4291.0,2362.0,1.0
gC[180],2.029,0.189,1.661,2.357,0.003,0.002,5024.0,2455.0,1.0
gC[181],2.423,0.108,2.222,2.627,0.001,0.001,5367.0,2534.0,1.0
gC[182],1.809,0.091,1.646,1.986,0.001,0.001,4786.0,2665.0,1.0
gC[183],1.688,0.088,1.514,1.848,0.001,0.001,4892.0,2292.0,1.0
gC[184],2.019,0.029,1.961,2.071,0.0,0.0,4330.0,2740.0,1.0
gC[185],2.601,0.146,2.327,2.873,0.002,0.001,5256.0,2866.0,1.0
gC[186],1.154,0.09,0.989,1.329,0.001,0.001,4131.0,2470.0,1.0
gC[187],1.765,0.123,1.544,2.007,0.002,0.001,5073.0,2482.0,1.0
gC[188],1.12,0.125,0.868,1.337,0.002,0.001,4782.0,2432.0,1.0
gC[189],2.325,0.124,2.097,2.553,0.002,0.001,5026.0,2681.0,1.0
gC[190],1.618,0.133,1.378,1.884,0.002,0.001,5354.0,2611.0,1.0
gC[191],2.161,0.059,2.05,2.278,0.001,0.001,4608.0,2640.0,1.0
gC[192],1.763,0.152,1.474,2.041,0.002,0.002,5124.0,2521.0,1.0
gC[193],2.509,0.141,2.221,2.763,0.002,0.001,5201.0,2302.0,1.0
gC[194],2.349,0.076,2.208,2.499,0.001,0.001,5076.0,2543.0,1.0
gC[195],2.163,0.109,1.959,2.368,0.002,0.001,4314.0,2186.0,1.0
gC[196],1.503,0.043,1.426,1.586,0.001,0.0,4529.0,2847.0,1.0
gC[197],2.66,0.117,2.445,2.889,0.002,0.001,5223.0,2306.0,1.0
gC[198],1.646,0.125,1.427,1.887,0.002,0.001,4926.0,2854.0,1.0
gC[199],1.695,0.062,1.578,1.814,0.001,0.001,4749.0,2652.0,1.0
gC[200],2.219,0.077,2.083,2.37,0.001,0.001,3853.0,2578.0,1.0
gC[201],2.233,0.11,2.031,2.451,0.002,0.001,4702.0,2712.0,1.0
gC[202],1.556,0.072,1.42,1.689,0.001,0.001,3760.0,2262.0,1.0
gC[203],1.906,0.023,1.863,1.949,0.0,0.0,5070.0,2400.0,1.0
gC[204],2.726,0.124,2.48,2.946,0.002,0.001,4554.0,1934.0,1.0
gC[205],1.236,0.118,1.033,1.485,0.002,0.001,4308.0,2353.0,1.0
gC[206],2.756,0.021,2.714,2.795,0.0,0.0,4052.0,2390.0,1.0
gC[207],1.904,0.192,1.58,2.301,0.003,0.002,5283.0,2887.0,1.0
gC[208],1.04,0.188,0.695,1.398,0.003,0.002,4774.0,2550.0,1.0
gC[209],1.383,0.077,1.237,1.524,0.001,0.001,4468.0,2868.0,1.0
gC[210],1.453,0.057,1.352,1.565,0.001,0.001,4258.0,2574.0,1.0
gC[211],1.66,0.138,1.398,1.919,0.002,0.002,4140.0,2138.0,1.0
gC[212],2.012,0.164,1.707,2.33,0.002,0.002,4949.0,2414.0,1.0
gC[213],0.784,0.253,0.311,1.244,0.004,0.003,3360.0,1871.0,1.0
gC[214],2.086,0.059,1.98,2.197,0.001,0.001,5143.0,3022.0,1.0
gC[215],1.493,0.162,1.196,1.812,0.002,0.001,5989.0,2897.0,1.0
gC[216],2.691,0.092,2.505,2.859,0.001,0.001,4346.0,2482.0,1.0
gC[217],1.684,0.156,1.398,1.98,0.002,0.001,6052.0,2883.0,1.0
gC[218],2.602,0.083,2.437,2.749,0.001,0.001,4623.0,2328.0,1.0
gC[219],2.338,0.142,2.078,2.608,0.002,0.001,5407.0,2826.0,1.0
gC[220],2.491,0.127,2.269,2.736,0.002,0.001,6856.0,2793.0,1.0
gC[221],1.721,0.184,1.367,2.061,0.002,0.002,5898.0,3001.0,1.0
gC[222],1.982,0.127,1.755,2.237,0.002,0.001,4765.0,2433.0,1.0
gC[223],1.83,0.09,1.667,2.009,0.001,0.001,5066.0,2327.0,1.0
gC[224],2.161,0.13,1.916,2.412,0.002,0.001,5053.0,2755.0,1.0
gC[225],1.456,0.15,1.175,1.729,0.002,0.001,5215.0,2963.0,1.0
gC[226],1.67,0.105,1.471,1.867,0.002,0.001,4515.0,2426.0,1.0
gC[227],2.214,0.127,1.978,2.453,0.002,0.001,4775.0,2684.0,1.0
gC[228],1.527,0.154,1.252,1.836,0.002,0.002,5323.0,2770.0,1.0
gC[229],1.59,0.058,1.486,1.706,0.001,0.001,4662.0,2354.0,1.0
gC[230],1.891,0.056,1.787,1.997,0.001,0.001,4970.0,2135.0,1.0
gC[231],1.94,0.085,1.793,2.108,0.001,0.001,4995.0,2801.0,1.0
gC[232],2.071,0.136,1.799,2.311,0.002,0.001,4749.0,2570.0,1.0
gC[233],2.387,0.167,2.064,2.709,0.002,0.002,5149.0,2351.0,1.0
gC[234],1.476,0.102,1.295,1.677,0.002,0.001,4279.0,2473.0,1.0
gC[235],1.901,0.192,1.539,2.268,0.003,0.002,5377.0,2555.0,1.0
gC[236],1.759,0.191,1.411,2.129,0.003,0.002,5323.0,2679.0,1.0
gC[237],2.754,0.135,2.5,3.003,0.002,0.002,3944.0,2562.0,1.0
gC[238],2.038,0.097,1.848,2.214,0.001,0.001,4480.0,2610.0,1.0
gC[239],2.096,0.139,1.823,2.344,0.002,0.001,5732.0,3005.0,1.0
gC[240],1.997,0.071,1.857,2.131,0.001,0.001,4760.0,2654.0,1.0
gC[241],1.57,0.169,1.248,1.886,0.002,0.002,5508.0,2707.0,1.0
gC[242],2.694,0.16,2.407,2.991,0.002,0.002,4301.0,2371.0,1.0
gC[243],2.145,0.189,1.803,2.515,0.002,0.002,5896.0,2797.0,1.0
gC[244],2.282,0.17,1.975,2.608,0.002,0.002,5713.0,2695.0,1.0
gC[245],1.405,0.182,1.065,1.744,0.002,0.002,5485.0,2641.0,1.0
gC[246],1.348,0.222,0.947,1.782,0.003,0.002,5273.0,2537.0,1.0
gC[247],1.854,0.124,1.629,2.092,0.002,0.001,5182.0,2936.0,1.0
gC[248],1.671,0.159,1.375,1.977,0.002,0.001,6744.0,2811.0,1.0
gC[249],1.517,0.113,1.297,1.722,0.001,0.001,5996.0,2820.0,1.0
gC[250],1.808,0.159,1.52,2.122,0.002,0.001,6229.0,3113.0,1.0
gC[251],1.765,0.098,1.584,1.952,0.002,0.001,4001.0,2491.0,1.0
gC[252],2.118,0.071,1.977,2.252,0.001,0.001,4379.0,2687.0,1.0
gC[253],1.759,0.101,1.56,1.945,0.001,0.001,5683.0,2908.0,1.0
gC[254],1.492,0.118,1.275,1.724,0.002,0.001,5866.0,2875.0,1.0
gC[255],1.576,0.129,1.331,1.821,0.002,0.001,4910.0,2878.0,1.0
gC[256],2.593,0.022,2.551,2.635,0.0,0.0,4714.0,2685.0,1.0
gC[257],1.321,0.118,1.091,1.529,0.002,0.001,4048.0,2667.0,1.0
gC[258],2.123,0.113,1.909,2.333,0.002,0.001,5223.0,2958.0,1.0
gC[259],2.501,0.131,2.257,2.739,0.002,0.001,5911.0,2811.0,1.0
gC[260],1.807,0.146,1.532,2.082,0.002,0.001,6096.0,2738.0,1.0
gC[261],2.99,0.135,2.752,3.254,0.002,0.001,4377.0,2288.0,1.0
gC[262],2.232,0.09,2.066,2.401,0.001,0.001,3717.0,2963.0,1.0
gC[263],2.91,0.014,2.886,2.938,0.0,0.0,3875.0,2106.0,1.0
gC[264],1.701,0.085,1.554,1.873,0.001,0.001,4458.0,2518.0,1.0
gC[265],1.791,0.121,1.561,2.019,0.002,0.001,5029.0,2760.0,1.0
gC[266],2.234,0.051,2.141,2.333,0.001,0.001,4332.0,2022.0,1.0
gC[267],2.021,0.176,1.706,2.357,0.003,0.002,4765.0,2821.0,1.0
gC[268],2.823,0.11,2.612,3.023,0.001,0.001,5649.0,2476.0,1.0
gC[269],2.067,0.126,1.829,2.297,0.002,0.001,5537.0,2411.0,1.0
gC[270],1.616,0.068,1.491,1.739,0.001,0.001,4311.0,2515.0,1.0
gC[271],1.109,0.081,0.958,1.262,0.001,0.001,4263.0,2567.0,1.0
gC[272],2.053,0.133,1.805,2.301,0.002,0.001,4800.0,2544.0,1.0
gC[273],1.893,0.113,1.674,2.098,0.002,0.001,5033.0,3119.0,1.0
gC[274],2.109,0.152,1.815,2.388,0.002,0.001,5240.0,2371.0,1.0
gC[275],2.532,0.158,2.225,2.819,0.002,0.002,5179.0,2866.0,1.0
gC[276],2.631,0.137,2.385,2.892,0.002,0.001,5807.0,2911.0,1.0
gC[277],1.801,0.12,1.583,2.03,0.002,0.001,5828.0,2907.0,1.0
gC[278],1.331,0.145,1.074,1.618,0.002,0.001,4811.0,2443.0,1.0
gC[279],1.451,0.075,1.309,1.593,0.001,0.001,4263.0,2498.0,1.0
gC[280],1.414,0.18,1.075,1.759,0.002,0.002,5384.0,2770.0,1.0
gC[281],1.706,0.141,1.449,1.978,0.002,0.001,4820.0,2521.0,1.0
gC[282],2.34,0.153,2.044,2.619,0.002,0.002,4586.0,2791.0,1.0
gC[283],1.819,0.107,1.621,2.025,0.001,0.001,5321.0,2673.0,1.0
gC[284],2.133,0.095,1.954,2.307,0.001,0.001,4417.0,2812.0,1.0
gC[285],2.176,0.046,2.087,2.26,0.001,0.0,5537.0,2957.0,1.0
gC[286],2.246,0.197,1.866,2.609,0.003,0.002,5619.0,2720.0,1.0
gC[287],1.432,0.124,1.199,1.66,0.002,0.001,5328.0,2609.0,1.0
gC[288],2.165,0.11,1.962,2.371,0.002,0.001,5117.0,2678.0,1.0
gC[289],3.071,0.069,2.934,3.204,0.001,0.001,4027.0,2468.0,1.0
gC[290],2.144,0.04,2.063,2.214,0.001,0.0,4020.0,2184.0,1.0
gC[291],0.648,0.093,0.478,0.827,0.001,0.001,4547.0,3022.0,1.0
gC[292],2.449,0.114,2.237,2.668,0.002,0.001,4025.0,2285.0,1.0
gC[293],1.499,0.137,1.239,1.751,0.002,0.001,5055.0,2612.0,1.0
gC[294],2.939,0.164,2.624,3.243,0.002,0.002,4635.0,2454.0,1.0
gC[295],2.044,0.179,1.708,2.371,0.002,0.002,5771.0,2932.0,1.0
gC[296],1.38,0.174,1.064,1.719,0.002,0.002,5315.0,2957.0,1.0
gC[297],1.01,0.163,0.714,1.323,0.002,0.002,4652.0,2718.0,1.0
gC[298],2.433,0.217,2.006,2.824,0.003,0.002,4723.0,2242.0,1.0
gC[299],2.427,0.123,2.197,2.654,0.002,0.001,5406.0,2844.0,1.0
a[0],1.644,0.067,1.524,1.773,0.001,0.001,4530.0,2617.0,1.0
a[1],1.001,0.042,0.923,1.08,0.001,0.0,4351.0,2429.0,1.0
a[2],1.03,0.056,0.915,1.128,0.001,0.001,3672.0,2550.0,1.0
a[3],0.866,0.009,0.849,0.882,0.0,0.0,2404.0,2031.0,1.0
a[4],0.783,0.032,0.721,0.84,0.001,0.0,3845.0,2816.0,1.0
a[5],0.965,0.063,0.846,1.083,0.001,0.001,5705.0,2722.0,1.0
a[6],1.033,0.066,0.907,1.151,0.001,0.001,4908.0,2911.0,1.0
a[7],0.808,0.073,0.676,0.95,0.001,0.001,5408.0,2866.0,1.0
a[8],0.523,0.038,0.45,0.594,0.001,0.0,5377.0,3027.0,1.0
a[9],0.99,0.041,0.917,1.071,0.001,0.0,4610.0,3075.0,1.0
a[10],0.935,0.075,0.789,1.077,0.001,0.001,4529.0,2289.0,1.0
a[11],0.102,0.045,0.018,0.184,0.001,0.001,2028.0,1294.0,1.0
a[12],1.206,0.049,1.115,1.294,0.001,0.001,4199.0,2496.0,1.0
a[13],0.535,0.044,0.455,0.621,0.001,0.0,5178.0,2816.0,1.0
a[14],1.169,0.022,1.128,1.21,0.0,0.0,3843.0,2382.0,1.0
a[15],1.071,0.041,0.996,1.151,0.001,0.0,3730.0,2704.0,1.0
a[16],1.08,0.007,1.067,1.092,0.0,0.0,3101.0,2015.0,1.0
a[17],1.76,0.032,1.701,1.82,0.001,0.0,3547.0,2171.0,1.0
a[18],0.846,0.064,0.731,0.974,0.001,0.001,3626.0,2581.0,1.0
a[19],0.909,0.028,0.855,0.96,0.001,0.0,3287.0,2053.0,1.0
a[20],1.103,0.056,1.003,1.214,0.001,0.001,3207.0,2136.0,1.0
a[21],1.074,0.071,0.948,1.213,0.001,0.001,4653.0,2841.0,1.0
a[22],1.289,0.058,1.176,1.392,0.001,0.001,3394.0,2117.0,1.0
a[23],0.754,0.065,0.625,0.87,0.001,0.001,3957.0,2673.0,1.0
a[24],0.669,0.059,0.557,0.778,0.001,0.001,5024.0,3177.0,1.0
a[25],1.213,0.026,1.162,1.261,0.0,0.0,4191.0,2342.0,1.0
a[26],0.656,0.039,0.582,0.731,0.001,0.0,3411.0,2654.0,1.0
a[27],1.151,0.024,1.106,1.193,0.0,0.0,3082.0,2166.0,1.0
a[28],1.098,0.029,1.042,1.153,0.0,0.0,3584.0,2883.0,1.0
a[29],0.832,0.048,0.74,0.923,0.001,0.001,4281.0,2627.0,1.0
a[30],1.138,0.038,1.066,1.21,0.001,0.0,4893.0,2580.0,1.0
a[31],0.587,0.035,0.52,0.653,0.001,0.0,3279.0,2415.0,1.0
a[32],0.689,0.026,0.638,0.734,0.0,0.0,4086.0,2705.0,1.0
a[33],0.906,0.072,0.776,1.047,0.001,0.001,3840.0,2623.0,1.0
a[34],0.982,0.04,0.904,1.058,0.001,0.0,3770.0,2578.0,1.0
a[35],0.843,0.065,0.722,0.966,0.001,0.001,4606.0,2778.0,1.0
a[36],1.142,0.042,1.062,1.219,0.001,0.0,4015.0,2477.0,1.0
a[37],1.1,0.016,1.071,1.13,0.0,0.0,3752.0,2252.0,1.0
a[38],1.418,0.063,1.305,1.542,0.001,0.001,4333.0,2064.0,1.0
a[39],0.941,0.021,0.899,0.98,0.0,0.0,3633.0,2484.0,1.0
a[40],1.375,0.052,1.275,1.473,0.001,0.001,3639.0,2583.0,1.0
a[41],1.315,0.045,1.231,1.403,0.001,0.001,3461.0,2223.0,1.0
a[42],1.709,0.049,1.617,1.801,0.001,0.001,3918.0,2625.0,1.0
a[43],0.959,0.042,0.874,1.033,0.001,0.0,4252.0,2659.0,1.0
a[44],0.914,0.034,0.847,0.973,0.001,0.0,3505.0,2610.0,1.0
a[45],1.398,0.025,1.348,1.441,0.0,0.0,3386.0,2170.0,1.0
a[46],1.351,0.081,1.199,1.502,0.001,0.001,3467.0,2264.0,1.0
a[47],1.477,0.051,1.378,1.566,0.001,0.001,3776.0,2507.0,1.0
a[48],1.176,0.045,1.09,1.256,0.001,0.001,3494.0,2766.0,1.0
a[49],0.358,0.036,0.291,0.428,0.001,0.0,4213.0,2989.0,1.0
a[50],1.103,0.033,1.039,1.163,0.001,0.0,4271.0,2268.0,1.0
a[51],1.047,0.052,0.954,1.143,0.001,0.001,4245.0,3126.0,1.0
a[52],0.922,0.037,0.853,0.993,0.001,0.0,3851.0,2701.0,1.0
a[53],0.923,0.026,0.874,0.971,0.0,0.0,5463.0,2708.0,1.0
a[54],0.503,0.031,0.438,0.557,0.0,0.0,4438.0,2469.0,1.0
a[55],1.308,0.066,1.188,1.435,0.001,0.001,4480.0,2924.0,1.0
a[56],1.115,0.044,1.037,1.202,0.001,0.001,3308.0,2986.0,1.0
a[57],1.3,0.036,1.229,1.363,0.001,0.0,3526.0,2439.0,1.0
a[58],0.527,0.022,0.485,0.571,0.0,0.0,4534.0,2795.0,1.0
a[59],1.237,0.06,1.126,1.355,0.001,0.001,3868.0,2577.0,1.0
a[60],0.932,0.027,0.877,0.981,0.0,0.0,3631.0,2290.0,1.0
a[61],1.035,0.042,0.957,1.114,0.001,0.0,4032.0,3157.0,1.0
a[62],0.934,0.008,0.919,0.949,0.0,0.0,3747.0,2125.0,1.0
a[63],1.187,0.046,1.101,1.272,0.001,0.0,4430.0,2361.0,1.0
a[64],0.92,0.056,0.815,1.022,0.001,0.001,4407.0,2409.0,1.0
a[65],0.71,0.032,0.648,0.768,0.001,0.0,4030.0,2364.0,1.0
a[66],1.043,0.015,1.013,1.068,0.0,0.0,3349.0,2301.0,1.0
a[67],0.91,0.046,0.823,0.997,0.001,0.0,5166.0,2815.0,1.0
a[68],0.954,0.029,0.899,1.009,0.0,0.0,3661.0,2629.0,1.0
a[69],0.073,0.033,0.011,0.135,0.001,0.0,2835.0,1585.0,1.0
a[70],1.19,0.045,1.11,1.278,0.001,0.001,4205.0,2124.0,1.0
a[71],0.898,0.046,0.814,0.988,0.001,0.001,3549.0,2569.0,1.0
a[72],0.576,0.042,0.496,0.655,0.001,0.0,4048.0,2433.0,1.0
a[73],1.118,0.078,0.962,1.256,0.001,0.001,3699.0,2871.0,1.0
a[74],1.192,0.079,1.045,1.342,0.001,0.001,4287.0,2491.0,1.0
a[75],0.895,0.018,0.863,0.931,0.0,0.0,3946.0,2169.0,1.0
a[76],0.634,0.029,0.581,0.691,0.0,0.0,4768.0,2815.0,1.0
a[77],1.075,0.058,0.958,1.178,0.001,0.001,4074.0,2577.0,1.0
a[78],1.028,0.057,0.919,1.136,0.001,0.001,3531.0,2319.0,1.0
a[79],1.153,0.046,1.065,1.236,0.001,0.0,5451.0,2631.0,1.0
a[80],0.868,0.057,0.762,0.974,0.001,0.001,3720.0,2677.0,1.0
a[81],1.439,0.049,1.348,1.531,0.001,0.001,4151.0,2638.0,1.0
a[82],0.803,0.058,0.693,0.91,0.001,0.001,5125.0,2785.0,1.0
a[83],0.565,0.066,0.451,0.695,0.001,0.001,4143.0,2623.0,1.0
a[84],0.651,0.01,0.632,0.669,0.0,0.0,4117.0,2757.0,1.0
a[85],1.097,0.071,0.961,1.22,0.001,0.001,3786.0,2744.0,1.0
a[86],1.014,0.041,0.934,1.089,0.001,0.001,3479.0,2603.0,1.0
a[87],1.24,0.062,1.116,1.349,0.001,0.001,3516.0,2759.0,1.0
a[88],0.981,0.04,0.906,1.059,0.001,0.0,3789.0,2683.0,1.0
a[89],1.255,0.019,1.218,1.29,0.0,0.0,4300.0,2671.0,1.0
a[90],0.984,0.062,0.869,1.102,0.001,0.001,3380.0,2947.0,1.0
a[91],0.403,0.002,0.4,0.406,0.0,0.0,4272.0,2875.0,1.0
a[92],1.009,0.065,0.886,1.131,0.001,0.001,4206.0,2455.0,1.0
a[93],0.45,0.109,0.246,0.656,0.003,0.002,1756.0,1006.0,1.0
a[94],1.093,0.056,0.987,1.194,0.001,0.001,3656.0,2702.0,1.0
a[95],1.4,0.063,1.279,1.519,0.001,0.001,3231.0,2188.0,1.0
a[96],0.704,0.025,0.658,0.752,0.0,0.0,4656.0,2679.0,1.0
a[97],1.462,0.049,1.371,1.556,0.001,0.001,4208.0,2839.0,1.0
a[98],1.241,0.055,1.135,1.342,0.001,0.001,4951.0,2365.0,1.0
a[99],1.349,0.042,1.269,1.426,0.001,0.0,5134.0,2405.0,1.0
a[100],1.059,0.056,0.953,1.167,0.001,0.001,3590.0,2404.0,1.0
a[101],0.715,0.048,0.628,0.806,0.001,0.0,4994.0,3001.0,1.0
a[102],1.216,0.038,1.144,1.283,0.001,0.0,3528.0,2422.0,1.0
a[103],0.769,0.016,0.738,0.8,0.0,0.0,4716.0,2329.0,1.0
a[104],1.067,0.06,0.952,1.177,0.001,0.001,5141.0,2798.0,1.0
a[105],0.951,0.049,0.862,1.044,0.001,0.001,4394.0,2569.0,1.0
a[106],1.295,0.044,1.209,1.376,0.001,0.0,5097.0,2462.0,1.0
a[107],1.248,0.039,1.172,1.321,0.001,0.0,4121.0,2372.0,1.0
a[108],0.98,0.036,0.913,1.047,0.001,0.0,5081.0,2634.0,1.0
a[109],0.451,0.039,0.381,0.529,0.001,0.0,4983.0,2504.0,1.0
a[110],0.875,0.063,0.752,0.986,0.001,0.001,4695.0,2809.0,1.0
a[111],1.353,0.122,1.12,1.561,0.002,0.002,3349.0,1731.0,1.0
a[112],1.135,0.034,1.064,1.195,0.001,0.0,3538.0,2558.0,1.0
a[113],0.519,0.023,0.478,0.562,0.0,0.0,4342.0,2608.0,1.0
a[114],0.566,0.065,0.44,0.684,0.001,0.001,4052.0,2545.0,1.0
a[115],1.021,0.052,0.924,1.116,0.001,0.001,3927.0,2701.0,1.0
a[116],0.608,0.042,0.528,0.687,0.001,0.0,4485.0,2278.0,1.0
a[117],0.815,0.04,0.735,0.888,0.001,0.0,4262.0,2604.0,1.0
a[118],1.25,0.04,1.171,1.324,0.001,0.0,3958.0,2706.0,1.0
a[119],1.383,0.038,1.311,1.452,0.001,0.0,5134.0,2795.0,1.0
a[120],0.73,0.058,0.62,0.839,0.001,0.001,3474.0,2153.0,1.0
a[121],0.968,0.031,0.911,1.028,0.001,0.0,3848.0,2703.0,1.0
a[122],0.979,0.033,0.922,1.046,0.001,0.0,4024.0,2199.0,1.0
a[123],0.995,0.072,0.86,1.128,0.001,0.001,4446.0,2819.0,1.0
a[124],1.001,0.035,0.931,1.067,0.001,0.0,4175.0,2841.0,1.0
a[125],1.222,0.04,1.148,1.299,0.001,0.0,4210.0,2381.0,1.0
a[126],0.789,0.07,0.647,0.917,0.001,0.001,3563.0,2477.0,1.0
a[127],0.549,0.018,0.517,0.584,0.0,0.0,3689.0,1825.0,1.0
a[128],1.459,0.076,1.32,1.609,0.001,0.001,3661.0,2657.0,1.0
a[129],1.264,0.053,1.165,1.363,0.001,0.001,3250.0,2646.0,1.0
a[130],0.734,0.055,0.629,0.835,0.001,0.001,3835.0,2639.0,1.0
a[131],1.021,0.058,0.906,1.126,0.001,0.001,4538.0,2353.0,1.0
a[132],1.293,0.038,1.224,1.363,0.001,0.0,4121.0,2103.0,1.0
a[133],1.047,0.067,0.914,1.165,0.001,0.001,5255.0,2842.0,1.0
a[134],1.168,0.062,1.054,1.287,0.001,0.001,3561.0,2011.0,1.0
a[135],0.997,0.098,0.809,1.164,0.002,0.001,3031.0,1576.0,1.0
a[136],1.53,0.043,1.443,1.609,0.001,0.0,4170.0,2764.0,1.0
a[137],1.085,0.057,0.98,1.196,0.001,0.001,4359.0,2714.0,1.0
a[138],0.87,0.041,0.788,0.944,0.001,0.0,4420.0,2620.0,1.0
a[139],1.209,0.045,1.123,1.294,0.001,0.0,5704.0,2962.0,1.0
a[140],1.01,0.043,0.929,1.089,0.001,0.001,3170.0,2401.0,1.0
a[141],1.149,0.079,1.006,1.3,0.001,0.001,5064.0,2935.0,1.0
a[142],1.063,0.063,0.938,1.177,0.001,0.001,5531.0,2781.0,1.0
a[143],1.076,0.047,0.984,1.165,0.001,0.001,4128.0,2621.0,1.0
a[144],0.754,0.055,0.655,0.865,0.001,0.001,4716.0,2505.0,1.0
a[145],0.635,0.062,0.522,0.757,0.001,0.001,4948.0,2512.0,1.0
a[146],1.41,0.058,1.296,1.518,0.001,0.001,3586.0,2800.0,1.0
a[147],1.109,0.041,1.035,1.186,0.001,0.0,3951.0,2469.0,1.0
a[148],1.235,0.038,1.162,1.303,0.001,0.0,3733.0,2473.0,1.0
a[149],0.525,0.045,0.437,0.608,0.001,0.001,3194.0,2869.0,1.0
a[150],1.324,0.023,1.281,1.365,0.0,0.0,4174.0,2547.0,1.0
a[151],0.913,0.052,0.818,1.015,0.001,0.001,4028.0,2253.0,1.0
a[152],0.763,0.048,0.683,0.859,0.001,0.001,3492.0,2454.0,1.0
a[153],0.981,0.024,0.937,1.027,0.0,0.0,5276.0,2576.0,1.0
a[154],0.689,0.049,0.599,0.782,0.001,0.001,4152.0,2685.0,1.0
a[155],1.007,0.049,0.911,1.095,0.001,0.0,5037.0,2729.0,1.0
a[156],0.958,0.045,0.868,1.038,0.001,0.001,3533.0,2458.0,1.0
a[157],1.288,0.029,1.232,1.34,0.0,0.0,3900.0,2379.0,1.0
a[158],1.453,0.036,1.389,1.523,0.001,0.0,3251.0,2359.0,1.0
a[159],1.482,0.044,1.405,1.568,0.001,0.0,4277.0,2832.0,1.0
a[160],0.341,0.058,0.233,0.449,0.001,0.001,4826.0,2629.0,1.0
a[161],0.829,0.055,0.73,0.933,0.001,0.001,4935.0,2875.0,1.0
a[162],0.328,0.036,0.26,0.396,0.001,0.0,3995.0,2785.0,1.0
a[163],0.648,0.03,0.592,0.705,0.0,0.0,4347.0,2693.0,1.0
a[164],0.902,0.05,0.811,0.999,0.001,0.001,4974.0,2912.0,1.0
a[165],1.208,0.031,1.151,1.265,0.0,0.0,4474.0,2769.0,1.0
a[166],0.874,0.068,0.743,1.003,0.001,0.001,4444.0,2651.0,1.0
a[167],0.822,0.057,0.71,0.927,0.001,0.001,4789.0,2994.0,1.0
a[168],1.027,0.066,0.9,1.151,0.001,0.001,4592.0,3045.0,1.0
a[169],0.473,0.057,0.372,0.585,0.001,0.001,3864.0,2755.0,1.0
a[170],0.8,0.077,0.663,0.951,0.001,0.001,4244.0,3063.0,1.0
a[171],0.841,0.066,0.718,0.962,0.001,0.001,3935.0,2716.0,1.0
a[172],0.936,0.016,0.905,0.967,0.0,0.0,3419.0,2458.0,1.0
a[173],1.081,0.061,0.965,1.196,0.001,0.001,4957.0,2933.0,1.0
a[174],1.449,0.008,1.434,1.464,0.0,0.0,3093.0,2113.0,1.0
a[175],1.146,0.126,0.909,1.375,0.003,0.002,1852.0,1672.0,1.0
a[176],0.756,0.055,0.649,0.859,0.001,0.001,4253.0,2599.0,1.0
a[177],0.896,0.037,0.822,0.962,0.001,0.0,3527.0,2386.0,1.0
a[178],0.896,0.042,0.813,0.973,0.001,0.0,4411.0,2319.0,1.0
a[179],0.839,0.054,0.737,0.941,0.001,0.001,3834.0,2447.0,1.0
a[180],1.101,0.076,0.955,1.241,0.001,0.001,4227.0,2429.0,1.0
a[181],0.481,0.04,0.412,0.561,0.001,0.0,4332.0,2907.0,1.0
a[182],1.248,0.031,1.186,1.304,0.001,0.0,3210.0,2295.0,1.0
a[183],1.499,0.036,1.43,1.567,0.001,0.0,4070.0,2583.0,1.0
a[184],0.898,0.016,0.869,0.928,0.0,0.0,2701.0,2113.0,1.0
a[185],0.955,0.065,0.84,1.087,0.001,0.001,4660.0,2899.0,1.0
a[186],1.088,0.034,1.024,1.152,0.001,0.0,3474.0,2640.0,1.0
a[187],1.315,0.052,1.216,1.411,0.001,0.001,4571.0,2874.0,1.0
a[188],0.93,0.053,0.826,1.028,0.001,0.001,3716.0,2244.0,1.0
a[189],1.248,0.051,1.152,1.344,0.001,0.001,3505.0,2779.0,1.0
a[190],1.234,0.044,1.156,1.32,0.001,0.0,4328.0,2829.0,1.0
a[191],1.694,0.022,1.652,1.735,0.0,0.0,3791.0,2408.0,1.0
a[192],0.941,0.064,0.823,1.061,0.001,0.001,3484.0,2236.0,1.0
a[193],0.479,0.046,0.385,0.562,0.001,0.001,4273.0,2574.0,1.0
a[194],0.591,0.032,0.531,0.653,0.001,0.0,4363.0,2341.0,1.0
a[195],0.947,0.046,0.862,1.031,0.001,0.001,3966.0,2983.0,1.0
a[196],1.313,0.02,1.275,1.352,0.0,0.0,3893.0,2495.0,1.0
a[197],0.791,0.049,0.697,0.883,0.001,0.001,4739.0,2642.0,1.0
a[198],0.935,0.052,0.839,1.035,0.001,0.001,3917.0,2667.0,1.0
a[199],1.177,0.027,1.126,1.227,0.0,0.0,3614.0,2624.0,1.0
a[200],0.678,0.051,0.586,0.78,0.001,0.001,3044.0,2573.0,1.0
a[201],0.819,0.059,0.713,0.932,0.001,0.001,4112.0,2589.0,1.0
a[202],0.652,0.032,0.593,0.714,0.001,0.0,3546.0,2390.0,1.0
a[203],1.366,0.008,1.352,1.382,0.0,0.0,3854.0,2410.0,1.0
a[204],1.519,0.053,1.415,1.615,0.001,0.001,3766.0,2773.0,1.0
a[205],0.501,0.041,0.423,0.576,0.001,0.0,4079.0,2233.0,1.0
a[206],0.943,0.01,0.924,0.96,0.0,0.0,3172.0,2120.0,1.0
a[207],1.287,0.1,1.097,1.468,0.002,0.001,3362.0,2133.0,1.0
a[208],1.04,0.078,0.903,1.186,0.002,0.002,2062.0,1071.0,1.0
a[209],0.799,0.041,0.722,0.878,0.001,0.0,3422.0,2564.0,1.0
a[210],0.549,0.023,0.505,0.594,0.0,0.0,4241.0,2306.0,1.0
a[211],1.139,0.148,0.866,1.397,0.003,0.002,2531.0,2012.0,1.0
a[212],1.131,0.054,1.029,1.228,0.001,0.001,5096.0,2705.0,1.0
a[213],0.59,0.067,0.47,0.725,0.001,0.001,4085.0,2498.0,1.0
a[214],1.37,0.029,1.316,1.423,0.001,0.0,3098.0,2149.0,1.0
a[215],0.599,0.073,0.469,0.741,0.001,0.001,4484.0,2455.0,1.0
a[216],0.942,0.036,0.869,1.006,0.001,0.0,4312.0,2717.0,1.0
a[217],1.008,0.05,0.91,1.099,0.001,0.001,3470.0,2325.0,1.0
a[218],1.424,0.029,1.371,1.479,0.0,0.0,4568.0,2444.0,1.0
a[219],0.885,0.08,0.734,1.033,0.001,0.001,4684.0,2830.0,1.0
a[220],0.955,0.06,0.845,1.068,0.001,0.001,3952.0,2777.0,1.0
a[221],0.477,0.071,0.337,0.605,0.001,0.001,4355.0,2629.0,1.0
a[222],0.823,0.048,0.734,0.914,0.001,0.001,3873.0,2357.0,1.0
a[223],0.729,0.038,0.657,0.8,0.001,0.0,3686.0,2546.0,1.0
a[224],0.834,0.06,0.714,0.941,0.001,0.001,4096.0,2604.0,1.0
a[225],0.926,0.042,0.848,1.008,0.001,0.0,5113.0,2839.0,1.0
a[226],0.333,0.038,0.262,0.405,0.001,0.0,3692.0,2679.0,1.0
a[227],0.488,0.051,0.398,0.592,0.001,0.001,3921.0,2577.0,1.0
a[228],0.901,0.061,0.79,1.02,0.001,0.001,5307.0,3085.0,1.0
a[229],1.015,0.024,0.971,1.061,0.0,0.0,3002.0,2463.0,1.0
a[230],0.917,0.015,0.888,0.947,0.0,0.0,4705.0,2639.0,1.0
a[231],1.025,0.032,0.97,1.091,0.001,0.0,3795.0,2444.0,1.0
a[232],0.906,0.056,0.798,1.006,0.001,0.001,3328.0,2304.0,1.0
a[233],0.986,0.05,0.896,1.081,0.001,0.001,3954.0,3016.0,1.0
a[234],1.142,0.039,1.067,1.218,0.001,0.0,3601.0,2662.0,1.0
a[235],1.033,0.064,0.912,1.154,0.001,0.001,4258.0,2516.0,1.0
a[236],0.839,0.051,0.743,0.933,0.001,0.0,5417.0,2997.0,1.0
a[237],1.303,0.036,1.238,1.374,0.001,0.0,3781.0,2587.0,1.0
a[238],1.037,0.034,0.975,1.104,0.001,0.0,3822.0,2724.0,1.0
a[239],1.311,0.047,1.227,1.403,0.001,0.001,4844.0,2521.0,1.0
a[240],1.455,0.034,1.392,1.521,0.001,0.0,4204.0,2387.0,1.0
a[241],0.581,0.05,0.49,0.675,0.001,0.001,4792.0,2896.0,1.0
a[242],0.737,0.037,0.668,0.806,0.001,0.0,4089.0,2744.0,1.0
a[243],1.213,0.058,1.108,1.324,0.001,0.001,5009.0,2964.0,1.0
a[244],0.551,0.062,0.433,0.669,0.001,0.001,4373.0,2557.0,1.0
a[245],1.397,0.044,1.312,1.476,0.001,0.0,4974.0,2663.0,1.0
a[246],1.027,0.081,0.866,1.17,0.001,0.001,4537.0,2082.0,1.0
a[247],1.101,0.047,1.019,1.194,0.001,0.0,4800.0,2413.0,1.0
a[248],0.951,0.056,0.848,1.057,0.001,0.001,4579.0,2780.0,1.0
a[249],0.598,0.041,0.514,0.67,0.001,0.0,4640.0,3068.0,1.0
a[250],1.307,0.051,1.213,1.408,0.001,0.001,4275.0,2685.0,1.0
a[251],1.881,0.054,1.774,1.979,0.001,0.001,2380.0,1736.0,1.0
a[252],0.832,0.051,0.738,0.929,0.001,0.001,2773.0,2545.0,1.0
a[253],0.835,0.047,0.75,0.928,0.001,0.001,3641.0,2537.0,1.0
a[254],0.252,0.036,0.182,0.321,0.001,0.0,4308.0,2453.0,1.0
a[255],1.487,0.077,1.348,1.629,0.001,0.001,3117.0,2010.0,1.0
a[256],1.268,0.008,1.252,1.284,0.0,0.0,3940.0,2025.0,1.0
a[257],0.493,0.043,0.411,0.572,0.001,0.0,3936.0,2243.0,1.0
a[258],0.334,0.054,0.236,0.436,0.001,0.001,4910.0,2840.0,1.0
a[259],0.328,0.048,0.233,0.413,0.001,0.0,4704.0,2361.0,1.0
a[260],1.157,0.074,1.025,1.305,0.001,0.001,4697.0,2619.0,1.0
a[261],1.212,0.049,1.117,1.302,0.001,0.001,4228.0,2803.0,1.0
a[262],0.717,0.061,0.61,0.84,0.001,0.001,2666.0,2566.0,1.0
a[263],1.152,0.007,1.138,1.165,0.0,0.0,3596.0,2684.0,1.0
a[264],0.993,0.039,0.917,1.066,0.001,0.0,3606.0,2114.0,1.0
a[265],0.967,0.064,0.84,1.083,0.001,0.001,3543.0,2684.0,1.0
a[266],1.292,0.02,1.255,1.329,0.0,0.0,2717.0,2004.0,1.0
a[267],0.594,0.069,0.456,0.719,0.001,0.001,4965.0,2983.0,1.0
a[268],1.326,0.044,1.239,1.404,0.001,0.001,3696.0,2405.0,1.0
a[269],0.761,0.043,0.68,0.842,0.001,0.0,3810.0,2411.0,1.0
a[270],1.498,0.033,1.433,1.556,0.001,0.0,3162.0,2380.0,1.0
a[271],0.701,0.029,0.645,0.754,0.0,0.0,4478.0,3189.0,1.0
a[272],0.86,0.042,0.782,0.941,0.001,0.001,3293.0,2214.0,1.0
a[273],1.016,0.051,0.925,1.118,0.001,0.001,4680.0,2713.0,1.0
a[274],0.925,0.059,0.816,1.035,0.001,0.001,3186.0,2056.0,1.0
a[275],1.134,0.085,0.979,1.302,0.001,0.001,3805.0,2694.0,1.0
a[276],0.649,0.062,0.525,0.762,0.001,0.001,4945.0,2774.0,1.0
a[277],1.001,0.048,0.907,1.089,0.001,0.0,4936.0,3070.0,1.0
a[278],1.072,0.059,0.961,1.182,0.001,0.001,3935.0,2215.0,1.0
a[279],0.807,0.022,0.766,0.848,0.0,0.0,3421.0,2378.0,1.0
a[280],1.121,0.067,0.989,1.24,0.001,0.001,4161.0,2275.0,1.0
a[281],0.56,0.059,0.447,0.667,0.001,0.001,3459.0,2214.0,1.0
a[282],0.892,0.059,0.783,1.005,0.001,0.001,4011.0,2757.0,1.0
a[283],0.73,0.049,0.632,0.819,0.001,0.001,3447.0,2752.0,1.0
a[284],0.914,0.035,0.848,0.978,0.001,0.0,4660.0,2774.0,1.0
a[285],1.452,0.026,1.397,1.498,0.0,0.0,4139.0,2524.0,1.0
a[286],1.412,0.06,1.298,1.524,0.001,0.001,5205.0,2999.0,1.0
a[287],1.453,0.038,1.38,1.521,0.001,0.0,4553.0,2695.0,1.0
a[288],0.862,0.048,0.776,0.956,0.001,0.001,4375.0,2120.0,1.0
a[289],1.261,0.024,1.215,1.304,0.0,0.0,3182.0,2401.0,1.0
a[290],1.04,0.016,1.01,1.07,0.0,0.0,3663.0,2781.0,1.0
a[291],0.987,0.038,0.919,1.064,0.001,0.0,3396.0,2455.0,1.0
a[292],1.001,0.039,0.93,1.076,0.001,0.0,4104.0,2482.0,1.0
a[293],1.528,0.046,1.435,1.608,0.001,0.001,3490.0,2312.0,1.0
a[294],1.424,0.063,1.303,1.543,0.001,0.001,4066.0,2541.0,1.0
a[295],1.092,0.097,0.907,1.272,0.001,0.001,4378.0,2430.0,1.0
a[296],0.937,0.044,0.855,1.019,0.001,0.0,4594.0,2781.0,1.0
a[297],0.947,0.052,0.853,1.048,0.001,0.001,4111.0,2336.0,1.0
a[298],1.146,0.09,0.971,1.31,0.001,0.001,5037.0,2912.0,1.0
a[299],0.87,0.055,0.77,0.976,0.001,0.001,3629.0,2967.0,1.0
sdE[0],0.277,0.047,0.192,0.362,0.001,0.001,5271.0,2997.0,1.0
sdE[1],0.193,0.041,0.122,0.266,0.001,0.0,4514.0,2726.0,1.0
sdE[2],0.229,0.043,0.157,0.312,0.001,0.0,5241.0,3254.0,1.0
sdE[3],0.037,0.01,0.022,0.057,0.0,0.0,3325.0,1981.0,1.0
sdE[4],0.154,0.036,0.092,0.221,0.001,0.0,4837.0,2868.0,1.0
sdE[5],0.369,0.052,0.27,0.462,0.001,0.001,5619.0,2690.0,1.0
sdE[6],0.297,0.047,0.215,0.387,0.001,0.001,5235.0,2375.0,1.0
sdE[7],0.371,0.049,0.286,0.466,0.001,0.0,6523.0,2613.0,1.0
sdE[8],0.171,0.038,0.107,0.24,0.001,0.0,5296.0,2807.0,1.0
sdE[9],0.182,0.04,0.118,0.263,0.001,0.0,4785.0,3001.0,1.0
sdE[10],0.362,0.048,0.275,0.451,0.001,0.0,6448.0,3190.0,1.0
sdE[11],0.218,0.043,0.142,0.298,0.001,0.0,4991.0,2508.0,1.0
sdE[12],0.175,0.037,0.112,0.246,0.001,0.0,5531.0,3258.0,1.0
sdE[13],0.225,0.042,0.156,0.31,0.001,0.0,5446.0,3319.0,1.0
sdE[14],0.108,0.028,0.064,0.158,0.001,0.0,3681.0,2443.0,1.0
sdE[15],0.186,0.039,0.117,0.257,0.001,0.0,4310.0,2661.0,1.0
sdE[16],0.027,0.007,0.016,0.04,0.0,0.0,3431.0,2381.0,1.0
sdE[17],0.112,0.028,0.069,0.168,0.0,0.0,4085.0,2922.0,1.0
sdE[18],0.245,0.044,0.162,0.322,0.001,0.0,5418.0,2916.0,1.0
sdE[19],0.097,0.026,0.055,0.143,0.001,0.0,2947.0,2218.0,1.0
sdE[20],0.261,0.046,0.182,0.346,0.001,0.001,4796.0,3006.0,1.0
sdE[21],0.347,0.049,0.255,0.435,0.001,0.001,5044.0,2794.0,1.0
sdE[22],0.183,0.04,0.116,0.258,0.001,0.0,5287.0,2716.0,1.0
sdE[23],0.29,0.048,0.21,0.38,0.001,0.0,5693.0,3088.0,1.0
sdE[24],0.26,0.046,0.181,0.348,0.001,0.0,5496.0,3015.0,1.0
sdE[25],0.11,0.028,0.065,0.162,0.0,0.0,4425.0,2959.0,1.0
sdE[26],0.167,0.037,0.104,0.239,0.001,0.0,4850.0,3209.0,1.0
sdE[27],0.102,0.028,0.06,0.155,0.001,0.0,3105.0,1980.0,1.0
sdE[28],0.148,0.035,0.094,0.216,0.001,0.0,4054.0,2368.0,1.0
sdE[29],0.244,0.045,0.167,0.33,0.001,0.001,4839.0,2819.0,1.0
sdE[30],0.185,0.042,0.113,0.262,0.001,0.001,3710.0,2836.0,1.0
sdE[31],0.153,0.035,0.096,0.221,0.001,0.0,3814.0,2620.0,1.0
sdE[32],0.083,0.023,0.05,0.128,0.0,0.0,3553.0,2889.0,1.0
sdE[33],0.263,0.049,0.178,0.356,0.001,0.001,5526.0,2977.0,1.0
sdE[34],0.127,0.032,0.077,0.189,0.001,0.0,4007.0,2509.0,1.0
sdE[35],0.258,0.044,0.185,0.346,0.001,0.0,5588.0,3189.0,1.0
sdE[36],0.18,0.038,0.113,0.249,0.001,0.0,5478.0,3154.0,1.0
sdE[37],0.073,0.021,0.039,0.108,0.0,0.0,4052.0,2635.0,1.0
sdE[38],0.267,0.046,0.181,0.354,0.001,0.001,5030.0,2827.0,1.0
sdE[39],0.093,0.025,0.054,0.137,0.0,0.0,3683.0,2719.0,1.0
sdE[40],0.264,0.045,0.18,0.343,0.001,0.0,5431.0,3094.0,1.0
sdE[41],0.202,0.041,0.132,0.279,0.001,0.0,4751.0,2735.0,1.0
sdE[42],0.266,0.046,0.186,0.355,0.001,0.0,5744.0,3337.0,1.0
sdE[43],0.18,0.041,0.114,0.26,0.001,0.001,4212.0,2615.0,1.0
sdE[44],0.137,0.034,0.081,0.197,0.001,0.0,3791.0,2825.0,1.0
sdE[45],0.122,0.03,0.076,0.18,0.001,0.0,3531.0,2509.0,1.0
sdE[46],0.222,0.045,0.148,0.312,0.001,0.0,5323.0,3411.0,1.0
sdE[47],0.141,0.035,0.084,0.207,0.001,0.0,4667.0,3011.0,1.0
sdE[48],0.203,0.041,0.131,0.278,0.001,0.0,4694.0,2756.0,1.0
sdE[49],0.139,0.034,0.084,0.204,0.001,0.0,4459.0,2636.0,1.0
sdE[50],0.162,0.037,0.098,0.23,0.001,0.0,3890.0,3148.0,1.0
sdE[51],0.245,0.048,0.162,0.337,0.001,0.001,4859.0,2913.0,1.0
sdE[52],0.184,0.04,0.118,0.259,0.001,0.0,4503.0,2766.0,1.0
sdE[53],0.111,0.028,0.07,0.165,0.0,0.0,3978.0,2758.0,1.0
sdE[54],0.142,0.034,0.088,0.207,0.001,0.0,4548.0,3012.0,1.0
sdE[55],0.251,0.044,0.174,0.337,0.001,0.0,5146.0,2749.0,1.0
sdE[56],0.206,0.041,0.137,0.282,0.001,0.0,4989.0,2931.0,1.0
sdE[57],0.162,0.037,0.1,0.232,0.001,0.0,3838.0,2334.0,1.0
sdE[58],0.099,0.025,0.06,0.146,0.0,0.0,4147.0,2507.0,1.0
sdE[59],0.249,0.046,0.17,0.336,0.001,0.001,5106.0,2740.0,1.0
sdE[60],0.123,0.031,0.075,0.182,0.001,0.0,3976.0,2779.0,1.0
sdE[61],0.211,0.04,0.14,0.285,0.001,0.0,4557.0,2885.0,1.0
sdE[62],0.035,0.01,0.02,0.054,0.0,0.0,3470.0,2535.0,1.0
sdE[63],0.225,0.042,0.153,0.309,0.001,0.0,5667.0,3082.0,1.0
sdE[64],0.267,0.046,0.185,0.354,0.001,0.0,6146.0,3178.0,1.0
sdE[65],0.185,0.04,0.117,0.26,0.001,0.0,4341.0,2850.0,1.0
sdE[66],0.048,0.013,0.028,0.072,0.0,0.0,2713.0,2379.0,1.0
sdE[67],0.221,0.043,0.149,0.303,0.001,0.0,5659.0,2853.0,1.0
sdE[68],0.115,0.029,0.069,0.171,0.001,0.0,4292.0,2268.0,1.0
sdE[69],0.121,0.032,0.07,0.18,0.001,0.0,4490.0,3000.0,1.0
sdE[70],0.161,0.037,0.101,0.231,0.001,0.0,4340.0,3201.0,1.0
sdE[71],0.155,0.037,0.095,0.223,0.001,0.0,3988.0,3005.0,1.0
sdE[72],0.195,0.041,0.122,0.268,0.001,0.0,4393.0,2902.0,1.0
sdE[73],0.311,0.048,0.225,0.399,0.001,0.0,5987.0,2787.0,1.0
sdE[74],0.396,0.051,0.309,0.502,0.001,0.001,5460.0,2644.0,1.0
sdE[75],0.074,0.021,0.044,0.111,0.0,0.0,3306.0,2681.0,1.0
sdE[76],0.151,0.036,0.09,0.216,0.001,0.0,4496.0,2719.0,1.0
sdE[77],0.187,0.042,0.114,0.264,0.001,0.001,4269.0,2825.0,1.0
sdE[78],0.239,0.044,0.167,0.325,0.001,0.0,5521.0,2658.0,1.0
sdE[79],0.241,0.043,0.168,0.326,0.001,0.0,4549.0,2884.0,1.0
sdE[80],0.253,0.047,0.174,0.341,0.001,0.0,4978.0,2937.0,1.0
sdE[81],0.235,0.043,0.159,0.314,0.001,0.0,4720.0,3196.0,1.0
sdE[82],0.255,0.047,0.169,0.337,0.001,0.001,5317.0,2920.0,1.0
sdE[83],0.352,0.048,0.264,0.438,0.001,0.0,7565.0,2959.0,1.0
sdE[84],0.049,0.014,0.028,0.072,0.0,0.0,3422.0,2529.0,1.0
sdE[85],0.289,0.047,0.205,0.377,0.001,0.0,5555.0,2761.0,1.0
sdE[86],0.141,0.035,0.084,0.204,0.001,0.0,3548.0,2679.0,1.0
sdE[87],0.247,0.044,0.165,0.328,0.001,0.001,4350.0,2660.0,1.0
sdE[88],0.145,0.034,0.091,0.21,0.001,0.0,3676.0,2629.0,1.0
sdE[89],0.09,0.023,0.052,0.13,0.0,0.0,3981.0,3062.0,1.0
sdE[90],0.236,0.045,0.159,0.32,0.001,0.001,4004.0,2600.0,1.0
sdE[91],0.007,0.002,0.004,0.01,0.0,0.0,4318.0,2653.0,1.0
sdE[92],0.289,0.048,0.203,0.379,0.001,0.0,5494.0,3026.0,1.0
sdE[93],0.325,0.054,0.231,0.43,0.001,0.001,3736.0,2905.0,1.0
sdE[94],0.233,0.044,0.154,0.316,0.001,0.0,5483.0,2465.0,1.0
sdE[95],0.232,0.044,0.155,0.316,0.001,0.001,4870.0,2735.0,1.0
sdE[96],0.092,0.024,0.055,0.137,0.0,0.0,4385.0,3126.0,1.0
sdE[97],0.252,0.045,0.175,0.336,0.001,0.001,4871.0,2767.0,1.0
sdE[98],0.263,0.046,0.183,0.347,0.001,0.0,5701.0,3031.0,1.0
sdE[99],0.169,0.039,0.1,0.24,0.001,0.0,4027.0,3143.0,1.0
sdE[100],0.258,0.045,0.177,0.34,0.001,0.0,5903.0,3021.0,1.0
sdE[101],0.224,0.041,0.151,0.301,0.001,0.0,5684.0,2822.0,1.0
sdE[102],0.196,0.041,0.125,0.271,0.001,0.001,3992.0,2383.0,1.0
sdE[103],0.073,0.02,0.042,0.108,0.0,0.0,4348.0,2875.0,1.0
sdE[104],0.276,0.046,0.194,0.364,0.001,0.0,5960.0,3115.0,1.0
sdE[105],0.23,0.044,0.148,0.309,0.001,0.0,4662.0,3233.0,1.0
sdE[106],0.227,0.045,0.149,0.314,0.001,0.001,5003.0,2517.0,1.0
sdE[107],0.135,0.032,0.083,0.196,0.001,0.0,4236.0,3059.0,1.0
sdE[108],0.162,0.036,0.102,0.231,0.001,0.0,5305.0,2933.0,1.0
sdE[109],0.211,0.042,0.144,0.293,0.001,0.0,4980.0,3078.0,1.0
sdE[110],0.333,0.048,0.25,0.426,0.001,0.0,7105.0,3045.0,1.0
sdE[111],0.321,0.05,0.232,0.414,0.001,0.001,4940.0,3388.0,1.0
sdE[112],0.172,0.038,0.107,0.242,0.001,0.0,4583.0,3175.0,1.0
sdE[113],0.112,0.029,0.065,0.163,0.0,0.0,4283.0,3128.0,1.0
sdE[114],0.3,0.046,0.219,0.389,0.001,0.0,5342.0,3061.0,1.0
sdE[115],0.181,0.039,0.117,0.26,0.001,0.0,4914.0,2670.0,1.0
sdE[116],0.177,0.038,0.115,0.247,0.001,0.0,5633.0,3185.0,1.0
sdE[117],0.184,0.039,0.116,0.255,0.001,0.0,4807.0,2587.0,1.0
sdE[118],0.183,0.041,0.114,0.259,0.001,0.0,5168.0,3043.0,1.0
sdE[119],0.172,0.038,0.11,0.245,0.001,0.0,4708.0,2813.0,1.0
sdE[120],0.281,0.046,0.197,0.367,0.001,0.0,4814.0,2837.0,1.0
sdE[121],0.127,0.031,0.075,0.186,0.001,0.0,4047.0,3008.0,1.0
sdE[122],0.148,0.035,0.092,0.215,0.001,0.0,4553.0,3284.0,1.0
sdE[123],0.356,0.049,0.265,0.445,0.001,0.0,6264.0,3423.0,1.0
sdE[124],0.162,0.036,0.105,0.235,0.001,0.0,4940.0,2635.0,1.0
sdE[125],0.173,0.037,0.112,0.242,0.001,0.0,4174.0,3001.0,1.0
sdE[126],0.321,0.05,0.237,0.416,0.001,0.001,6062.0,3000.0,1.0
sdE[127],0.072,0.02,0.042,0.108,0.0,0.0,2997.0,2258.0,1.0
sdE[128],0.286,0.047,0.204,0.374,0.001,0.0,5108.0,2497.0,1.0
sdE[129],0.195,0.042,0.119,0.27,0.001,0.001,4375.0,2615.0,1.0
sdE[130],0.263,0.045,0.185,0.346,0.001,0.0,6065.0,2785.0,1.0
sdE[131],0.253,0.046,0.167,0.336,0.001,0.001,4599.0,2845.0,1.0
sdE[132],0.157,0.035,0.099,0.225,0.001,0.0,4183.0,2573.0,1.0
sdE[133],0.291,0.046,0.212,0.382,0.001,0.0,6382.0,3187.0,1.0
sdE[134],0.153,0.036,0.092,0.218,0.001,0.001,3633.0,2644.0,1.0
sdE[135],0.312,0.049,0.224,0.403,0.001,0.001,4622.0,3215.0,1.0
sdE[136],0.222,0.044,0.15,0.304,0.001,0.0,5590.0,2915.0,1.0
sdE[137],0.33,0.048,0.243,0.417,0.001,0.0,5347.0,3216.0,1.0
sdE[138],0.164,0.037,0.104,0.236,0.001,0.0,4414.0,2762.0,1.0
sdE[139],0.202,0.041,0.129,0.276,0.001,0.0,4445.0,2909.0,1.0
sdE[140],0.169,0.039,0.104,0.241,0.001,0.0,4647.0,2600.0,1.0
sdE[141],0.372,0.049,0.282,0.462,0.001,0.0,5308.0,2989.0,1.0
sdE[142],0.285,0.046,0.208,0.376,0.001,0.0,5460.0,2701.0,1.0
sdE[143],0.216,0.042,0.143,0.295,0.001,0.0,4961.0,3154.0,1.0
sdE[144],0.226,0.043,0.152,0.306,0.001,0.0,5211.0,3283.0,1.0
sdE[145],0.336,0.049,0.247,0.425,0.001,0.0,5494.0,2822.0,1.0
sdE[146],0.268,0.045,0.188,0.353,0.001,0.0,5895.0,3070.0,1.0
sdE[147],0.185,0.039,0.115,0.255,0.001,0.001,3657.0,2762.0,1.0
sdE[148],0.152,0.035,0.094,0.219,0.001,0.0,4200.0,2926.0,1.0
sdE[149],0.169,0.037,0.111,0.241,0.001,0.0,4298.0,2832.0,1.0
sdE[150],0.1,0.026,0.057,0.149,0.0,0.0,4162.0,2728.0,1.0
sdE[151],0.247,0.044,0.169,0.33,0.001,0.0,5992.0,2745.0,1.0
sdE[152],0.158,0.038,0.095,0.232,0.001,0.0,4149.0,2885.0,1.0
sdE[153],0.12,0.03,0.074,0.175,0.0,0.0,4125.0,2631.0,1.0
sdE[154],0.255,0.046,0.177,0.344,0.001,0.0,5516.0,2900.0,1.0
sdE[155],0.246,0.045,0.17,0.333,0.001,0.0,5543.0,3260.0,1.0
sdE[156],0.236,0.044,0.157,0.318,0.001,0.0,5304.0,2853.0,1.0
sdE[157],0.122,0.03,0.077,0.184,0.001,0.0,3847.0,2521.0,1.0
sdE[158],0.15,0.035,0.09,0.212,0.001,0.0,4078.0,2724.0,1.0
sdE[159],0.222,0.044,0.147,0.305,0.001,0.001,4492.0,3047.0,1.0
sdE[160],0.216,0.041,0.141,0.287,0.001,0.0,5185.0,3151.0,1.0
sdE[161],0.279,0.046,0.199,0.366,0.001,0.0,6706.0,2990.0,1.0
sdE[162],0.146,0.035,0.091,0.213,0.001,0.0,3703.0,3048.0,1.0
sdE[163],0.145,0.033,0.091,0.211,0.001,0.0,4524.0,2554.0,1.0
sdE[164],0.233,0.045,0.16,0.321,0.001,0.001,4855.0,3003.0,1.0
sdE[165],0.147,0.034,0.092,0.211,0.001,0.0,4995.0,3071.0,1.0
sdE[166],0.326,0.048,0.241,0.412,0.001,0.0,6807.0,3207.0,1.0
sdE[167],0.324,0.047,0.241,0.414,0.001,0.0,5048.0,2958.0,1.0
sdE[168],0.322,0.049,0.233,0.409,0.001,0.0,5717.0,3233.0,1.0
sdE[169],0.195,0.043,0.119,0.273,0.001,0.001,4002.0,3043.0,1.0
sdE[170],0.266,0.049,0.184,0.362,0.001,0.001,5017.0,3047.0,1.0
sdE[171],0.283,0.047,0.2,0.372,0.001,0.0,6684.0,2569.0,1.0
sdE[172],0.081,0.021,0.047,0.116,0.0,0.0,4420.0,3011.0,1.0
sdE[173],0.347,0.049,0.261,0.44,0.001,0.0,5992.0,2838.0,1.0
sdE[174],0.037,0.01,0.022,0.055,0.0,0.0,2990.0,1996.0,1.0
sdE[175],0.269,0.051,0.18,0.363,0.001,0.001,4062.0,3053.0,1.0
sdE[176],0.24,0.043,0.166,0.318,0.001,0.0,5164.0,2874.0,1.0
sdE[177],0.178,0.039,0.112,0.251,0.001,0.0,5162.0,2884.0,1.0
sdE[178],0.208,0.042,0.134,0.283,0.001,0.001,4328.0,2639.0,1.0
sdE[179],0.235,0.044,0.162,0.322,0.001,0.0,5796.0,3042.0,1.0
sdE[180],0.387,0.049,0.297,0.478,0.001,0.0,6441.0,2694.0,1.0
sdE[181],0.148,0.035,0.089,0.212,0.001,0.0,3666.0,2599.0,1.0
sdE[182],0.141,0.034,0.087,0.203,0.001,0.0,3778.0,2698.0,1.0
sdE[183],0.147,0.034,0.091,0.206,0.001,0.0,5009.0,2913.0,1.0
sdE[184],0.054,0.015,0.032,0.081,0.0,0.0,3200.0,2329.0,1.0
sdE[185],0.234,0.045,0.154,0.32,0.001,0.0,5085.0,2942.0,1.0
sdE[186],0.18,0.04,0.117,0.255,0.001,0.0,5241.0,2499.0,1.0
sdE[187],0.223,0.042,0.151,0.303,0.001,0.0,4643.0,2969.0,1.0
sdE[188],0.239,0.046,0.157,0.326,0.001,0.001,5646.0,2917.0,1.0
sdE[189],0.186,0.042,0.117,0.265,0.001,0.001,4895.0,2627.0,1.0
sdE[190],0.232,0.042,0.158,0.311,0.001,0.0,5281.0,2957.0,1.0
sdE[191],0.096,0.025,0.057,0.145,0.0,0.0,3672.0,2695.0,1.0
sdE[192],0.279,0.048,0.198,0.37,0.001,0.0,5622.0,2654.0,1.0
sdE[193],0.223,0.044,0.147,0.304,0.001,0.0,4672.0,3135.0,1.0
sdE[194],0.144,0.035,0.084,0.208,0.001,0.0,4243.0,2725.0,1.0
sdE[195],0.187,0.039,0.12,0.26,0.001,0.0,5218.0,3316.0,1.0
sdE[196],0.082,0.022,0.047,0.124,0.0,0.0,3784.0,2514.0,1.0
sdE[197],0.229,0.043,0.15,0.307,0.001,0.0,4440.0,3149.0,1.0
sdE[198],0.226,0.043,0.152,0.31,0.001,0.0,5892.0,2799.0,1.0
sdE[199],0.111,0.027,0.066,0.16,0.0,0.0,4419.0,2961.0,1.0
sdE[200],0.169,0.038,0.105,0.241,0.001,0.0,4411.0,3115.0,1.0
sdE[201],0.222,0.044,0.149,0.304,0.001,0.0,5112.0,2684.0,1.0
sdE[202],0.16,0.036,0.102,0.231,0.001,0.0,4409.0,2627.0,1.0
sdE[203],0.039,0.01,0.023,0.058,0.0,0.0,3974.0,2869.0,1.0
sdE[204],0.249,0.046,0.168,0.333,0.001,0.001,5105.0,2828.0,1.0
sdE[205],0.197,0.041,0.127,0.275,0.001,0.0,5279.0,2620.0,1.0
sdE[206],0.03,0.008,0.018,0.044,0.0,0.0,2998.0,2086.0,1.0
sdE[207],0.4,0.05,0.31,0.493,0.001,0.0,5682.0,2755.0,1.0
sdE[208],0.317,0.051,0.227,0.414,0.001,0.001,5041.0,2747.0,1.0
sdE[209],0.162,0.038,0.1,0.234,0.001,0.0,4114.0,2843.0,1.0
sdE[210],0.115,0.029,0.069,0.169,0.001,0.0,3985.0,2417.0,1.0
sdE[211],0.191,0.049,0.105,0.279,0.001,0.001,3224.0,2953.0,1.0
sdE[212],0.264,0.047,0.184,0.353,0.001,0.0,5406.0,3209.0,1.0
sdE[213],0.335,0.051,0.245,0.435,0.001,0.0,7114.0,3089.0,1.0
sdE[214],0.125,0.031,0.075,0.182,0.001,0.0,3782.0,2692.0,1.0
sdE[215],0.364,0.05,0.276,0.457,0.001,0.0,6778.0,2843.0,1.0
sdE[216],0.185,0.044,0.116,0.271,0.001,0.001,3987.0,3122.0,1.0
sdE[217],0.21,0.041,0.142,0.286,0.001,0.0,4831.0,2662.0,1.0
sdE[218],0.143,0.035,0.086,0.209,0.001,0.0,3310.0,2677.0,1.0
sdE[219],0.315,0.049,0.227,0.406,0.001,0.001,5908.0,2773.0,1.0
sdE[220],0.285,0.048,0.194,0.371,0.001,0.0,5011.0,3028.0,1.0
sdE[221],0.368,0.049,0.275,0.456,0.001,0.0,5784.0,2848.0,1.0
sdE[222],0.254,0.046,0.172,0.341,0.001,0.0,4868.0,3091.0,1.0
sdE[223],0.176,0.038,0.112,0.246,0.001,0.0,5227.0,3070.0,1.0
sdE[224],0.272,0.046,0.188,0.36,0.001,0.0,5546.0,2670.0,1.0
sdE[225],0.195,0.04,0.127,0.271,0.001,0.0,5528.0,3186.0,1.0
sdE[226],0.184,0.039,0.118,0.258,0.001,0.0,4598.0,3026.0,1.0
sdE[227],0.277,0.046,0.195,0.362,0.001,0.0,6116.0,3018.0,1.0
sdE[228],0.273,0.046,0.194,0.359,0.001,0.0,5837.0,2838.0,1.0
sdE[229],0.1,0.026,0.057,0.147,0.001,0.0,3341.0,2912.0,1.0
sdE[230],0.08,0.021,0.044,0.117,0.0,0.0,4263.0,2278.0,1.0
sdE[231],0.142,0.033,0.085,0.205,0.001,0.0,4810.0,3146.0,1.0
sdE[232],0.265,0.045,0.184,0.343,0.001,0.0,6596.0,2955.0,1.0
sdE[233],0.222,0.043,0.149,0.304,0.001,0.0,5592.0,3373.0,1.0
sdE[234],0.154,0.035,0.092,0.217,0.001,0.0,5148.0,3202.0,1.0
sdE[235],0.304,0.046,0.223,0.391,0.001,0.0,7050.0,3375.0,1.0
sdE[236],0.273,0.045,0.193,0.358,0.001,0.0,5714.0,2982.0,1.0
sdE[237],0.168,0.038,0.102,0.235,0.001,0.0,4069.0,2657.0,1.0
sdE[238],0.134,0.032,0.083,0.194,0.001,0.0,4002.0,2672.0,1.0
sdE[239],0.202,0.041,0.132,0.281,0.001,0.0,5975.0,3072.0,1.0
sdE[240],0.158,0.036,0.098,0.224,0.001,0.0,4403.0,3170.0,1.0
sdE[241],0.287,0.046,0.205,0.373,0.001,0.0,5715.0,3045.0,1.0
sdE[242],0.171,0.039,0.106,0.244,0.001,0.0,3988.0,2942.0,1.0
sdE[243],0.252,0.044,0.177,0.337,0.001,0.0,5862.0,3213.0,1.0
sdE[244],0.337,0.049,0.25,0.425,0.001,0.001,4542.0,3281.0,1.0
sdE[245],0.227,0.044,0.15,0.31,0.001,0.001,3955.0,2693.0,1.0
sdE[246],0.388,0.049,0.297,0.477,0.001,0.0,6441.0,2984.0,1.0
sdE[247],0.202,0.04,0.135,0.276,0.001,0.0,5499.0,2698.0,1.0
sdE[248],0.251,0.046,0.174,0.342,0.001,0.001,4955.0,2855.0,1.0
sdE[249],0.192,0.038,0.125,0.264,0.001,0.0,5869.0,2588.0,1.0
sdE[250],0.219,0.044,0.144,0.302,0.001,0.0,5532.0,2995.0,1.0
sdE[251],0.216,0.042,0.146,0.299,0.001,0.0,4685.0,2727.0,1.0
sdE[252],0.142,0.035,0.085,0.208,0.001,0.0,3933.0,3050.0,1.0
sdE[253],0.207,0.042,0.133,0.288,0.001,0.0,4918.0,3063.0,1.0
sdE[254],0.19,0.039,0.125,0.265,0.001,0.0,5211.0,2912.0,1.0
sdE[255],0.305,0.048,0.218,0.395,0.001,0.0,6389.0,2946.0,1.0
sdE[256],0.036,0.01,0.02,0.054,0.0,0.0,2948.0,2287.0,1.0
sdE[257],0.217,0.042,0.142,0.294,0.001,0.001,4762.0,2629.0,1.0
sdE[258],0.236,0.044,0.163,0.318,0.001,0.0,5892.0,3235.0,1.0
sdE[259],0.228,0.044,0.154,0.312,0.001,0.0,4638.0,3234.0,1.0
sdE[260],0.296,0.049,0.212,0.388,0.001,0.001,5368.0,3261.0,1.0
sdE[261],0.216,0.043,0.144,0.297,0.001,0.001,4118.0,2847.0,1.0
sdE[262],0.177,0.039,0.112,0.252,0.001,0.001,3771.0,2623.0,1.0
sdE[263],0.029,0.008,0.018,0.043,0.0,0.0,3806.0,2855.0,1.0
sdE[264],0.182,0.039,0.116,0.256,0.001,0.0,4616.0,2696.0,1.0
sdE[265],0.257,0.046,0.176,0.342,0.001,0.0,5239.0,3060.0,1.0
sdE[266],0.072,0.021,0.042,0.109,0.0,0.0,2851.0,2008.0,1.0
sdE[267],0.235,0.045,0.162,0.322,0.001,0.0,5081.0,3422.0,1.0
sdE[268],0.188,0.04,0.123,0.262,0.001,0.0,4665.0,2560.0,1.0
sdE[269],0.163,0.037,0.098,0.229,0.001,0.0,4563.0,2893.0,1.0
sdE[270],0.145,0.033,0.088,0.205,0.001,0.0,4106.0,3130.0,1.0
sdE[271],0.143,0.034,0.09,0.208,0.001,0.0,4834.0,2557.0,1.0
sdE[272],0.23,0.05,0.141,0.32,0.001,0.001,4065.0,3169.0,1.0
sdE[273],0.213,0.041,0.142,0.289,0.001,0.0,5854.0,3399.0,1.0
sdE[274],0.258,0.044,0.179,0.34,0.001,0.0,5370.0,2923.0,1.0
sdE[275],0.336,0.05,0.252,0.438,0.001,0.0,7058.0,2644.0,1.0
sdE[276],0.24,0.045,0.167,0.328,0.001,0.0,4961.0,2936.0,1.0
sdE[277],0.24,0.043,0.165,0.319,0.001,0.0,6243.0,2634.0,1.0
sdE[278],0.267,0.044,0.187,0.348,0.001,0.0,5863.0,2837.0,1.0
sdE[279],0.101,0.028,0.056,0.152,0.001,0.0,3154.0,2623.0,1.0
sdE[280],0.278,0.047,0.198,0.366,0.001,0.0,5882.0,2969.0,1.0
sdE[281],0.234,0.043,0.156,0.309,0.001,0.0,4159.0,2774.0,1.0
sdE[282],0.271,0.045,0.187,0.354,0.001,0.0,5894.0,2962.0,1.0
sdE[283],0.203,0.041,0.134,0.28,0.001,0.0,4899.0,2951.0,1.0
sdE[284],0.14,0.032,0.088,0.201,0.001,0.0,3916.0,2682.0,1.0
sdE[285],0.099,0.025,0.058,0.147,0.0,0.0,4178.0,3375.0,1.0
sdE[286],0.317,0.05,0.226,0.412,0.001,0.001,4981.0,3099.0,1.0
sdE[287],0.175,0.04,0.11,0.247,0.001,0.0,4996.0,2891.0,1.0
sdE[288],0.25,0.045,0.169,0.33,0.001,0.0,6030.0,2937.0,1.0
sdE[289],0.094,0.025,0.056,0.141,0.0,0.0,3568.0,2544.0,1.0
sdE[290],0.072,0.02,0.042,0.108,0.0,0.0,3872.0,2695.0,1.0
sdE[291],0.192,0.039,0.123,0.266,0.001,0.0,6206.0,3343.0,1.0
sdE[292],0.18,0.04,0.114,0.255,0.001,0.0,4788.0,2539.0,1.0
sdE[293],0.198,0.04,0.13,0.273,0.001,0.0,5135.0,2869.0,1.0
sdE[294],0.257,0.047,0.172,0.343,0.001,0.001,5088.0,3150.0,1.0
sdE[295],0.434,0.051,0.344,0.531,0.001,0.001,5308.0,2572.0,1.0
sdE[296],0.223,0.042,0.149,0.303,0.001,0.0,5499.0,3061.0,1.0
sdE[297],0.249,0.044,0.167,0.328,0.001,0.0,6182.0,3110.0,1.0
sdE[298],0.429,0.049,0.343,0.523,0.001,0.0,5685.0,2585.0,1.0
sdE[299],0.272,0.047,0.19,0.358,0.001,0.0,5603.0,2808.0,1.0
